{
"type": "FeatureCollection",
"name": "population_points",
"crs": { "type": "name", "properties": { "name": "urn:ogc:def:crs:EPSG::3415" } },
"features": [
{ "type": "Feature", "properties": { "building_id": 0, "point_id": 0, "floor": 2 }, "geometry": { "type": "Point", "coordinates": [ 286.284283069772755, 201.888228889796807 ] } },
{ "type": "Feature", "properties": { "building_id": 0, "point_id": 1, "floor": 3 }, "geometry": { "type": "Point", "coordinates": [ 244.512818758834641, 200.689634813687832 ] } },
{ "type": "Feature", "properties": { "building_id": 0, "point_id": 2, "floor": 2 }, "geometry": { "type": "Point", "coordinates": [ 282.679615869293741, 198.756169976490355 ] } },
{ "type": "Feature", "properties": { "building_id": 0, "point_id": 3, "floor": 4 }, "geometry": { "type": "Point", "coordinates": [ 256.532064575819447, 201.864543428830359 ] } },
{ "type": "Feature", "properties": { "building_id": 0, "point_id": 4, "floor": 3 }, "geometry": { "type": "Point", "coordinates": [ 260.549661638222233, 188.87737917830222 ] } },
{ "type": "Feature", "properties": { "building_id": 0, "point_id": 5, "floor": 5 }, "geometry": { "type": "Point", "coordinates": [ 263.842973880768113, 200.917006273806464 ] } },
{ "type": "Feature", "properties": { "building_id": 0, "point_id": 6, "floor": 5 }, "geometry": { "type": "Point", "coordinates": [ 270.085688707947156, 194.31422096485349 ] } },
{ "type": "Feature", "properties": { "building_id": 0, "point_id": 7, "floor": 4 }, "geometry": { "type": "Point", "coordinates": [ 272.839346588773367, 200.132982270760039 ] } },
{ "type": "Feature", "properties": { "building_id": 0, "point_id": 8, "floor": 4 }, "geometry": { "type": "Point", "coordinates": [ 285.03930522196606, 199.649498639286577 ] } },
{ "type": "Feature", "properties": { "building_id": 0, "point_id": 9, "floor": 5 }, "geometry": { "type": "Point", "coordinates": [ 279.399629168540457, 195.982191760143991 ] } },
{ "type": "Feature", "properties": { "building_id": 0, "point_id": 10, "floor": 3 }, "geometry": { "type": "Point", "coordinates": [ 277.212810040655029, 190.946037139814109 ] } },
{ "type": "Feature", "properties": { "building_id": 0, "point_id": 11, "floor": 4 }, "geometry": { "type": "Point", "coordinates": [ 265.800456115134011, 195.663314749868874 ] } },
{ "type": "Feature", "properties": { "building_id": 0, "point_id": 12, "floor": 3 }, "geometry": { "type": "Point", "coordinates": [ 251.107575317012959, 191.305650232074356 ] } },
{ "type": "Feature", "properties": { "building_id": 0, "point_id": 13, "floor": 5 }, "geometry": { "type": "Point", "coordinates": [ 244.937590521639606, 201.260383754796635 ] } },
{ "type": "Feature", "properties": { "building_id": 0, "point_id": 14, "floor": 1 }, "geometry": { "type": "Point", "coordinates": [ 284.010243580271379, 195.770128298746329 ] } },
{ "type": "Feature", "properties": { "building_id": 0, "point_id": 15, "floor": 1 }, "geometry": { "type": "Point", "coordinates": [ 280.489979055885385, 198.977243415135717 ] } },
{ "type": "Feature", "properties": { "building_id": 0, "point_id": 16, "floor": 6 }, "geometry": { "type": "Point", "coordinates": [ 267.012395283279659, 196.742647260388594 ] } },
{ "type": "Feature", "properties": { "building_id": 0, "point_id": 17, "floor": 3 }, "geometry": { "type": "Point", "coordinates": [ 248.147375406664196, 189.755527495499933 ] } },
{ "type": "Feature", "properties": { "building_id": 0, "point_id": 18, "floor": 6 }, "geometry": { "type": "Point", "coordinates": [ 272.925062588335038, 201.090520769764169 ] } },
{ "type": "Feature", "properties": { "building_id": 0, "point_id": 19, "floor": 3 }, "geometry": { "type": "Point", "coordinates": [ 281.217679299124654, 195.297122813135871 ] } },
{ "type": "Feature", "properties": { "building_id": 0, "point_id": 20, "floor": 2 }, "geometry": { "type": "Point", "coordinates": [ 271.2694955748197, 200.630423883159494 ] } },
{ "type": "Feature", "properties": { "building_id": 0, "point_id": 21, "floor": 5 }, "geometry": { "type": "Point", "coordinates": [ 248.999063686419987, 189.910981307689212 ] } },
{ "type": "Feature", "properties": { "building_id": 0, "point_id": 22, "floor": 1 }, "geometry": { "type": "Point", "coordinates": [ 261.732969268410955, 202.289921974331492 ] } },
{ "type": "Feature", "properties": { "building_id": 0, "point_id": 23, "floor": 5 }, "geometry": { "type": "Point", "coordinates": [ 266.553258474008146, 199.683618334157188 ] } },
{ "type": "Feature", "properties": { "building_id": 0, "point_id": 24, "floor": 6 }, "geometry": { "type": "Point", "coordinates": [ 244.436620700663639, 193.106042318471992 ] } },
{ "type": "Feature", "properties": { "building_id": 0, "point_id": 25, "floor": 3 }, "geometry": { "type": "Point", "coordinates": [ 282.205161272950363, 201.526089690249336 ] } },
{ "type": "Feature", "properties": { "building_id": 0, "point_id": 26, "floor": 2 }, "geometry": { "type": "Point", "coordinates": [ 247.477238302601052, 203.066410800949825 ] } },
{ "type": "Feature", "properties": { "building_id": 0, "point_id": 27, "floor": 3 }, "geometry": { "type": "Point", "coordinates": [ 254.035850313927142, 192.285893988502636 ] } },
{ "type": "Feature", "properties": { "building_id": 0, "point_id": 28, "floor": 1 }, "geometry": { "type": "Point", "coordinates": [ 276.897053531701999, 194.953122574745095 ] } },
{ "type": "Feature", "properties": { "building_id": 0, "point_id": 29, "floor": 2 }, "geometry": { "type": "Point", "coordinates": [ 267.236543308997966, 202.376118094447435 ] } },
{ "type": "Feature", "properties": { "building_id": 0, "point_id": 30, "floor": 2 }, "geometry": { "type": "Point", "coordinates": [ 272.117834157469304, 193.046059634169211 ] } },
{ "type": "Feature", "properties": { "building_id": 0, "point_id": 31, "floor": 6 }, "geometry": { "type": "Point", "coordinates": [ 284.07383526886332, 201.842236614627069 ] } },
{ "type": "Feature", "properties": { "building_id": 0, "point_id": 32, "floor": 6 }, "geometry": { "type": "Point", "coordinates": [ 250.967383482103003, 197.451755745237023 ] } },
{ "type": "Feature", "properties": { "building_id": 0, "point_id": 33, "floor": 6 }, "geometry": { "type": "Point", "coordinates": [ 247.756307272111769, 194.875624062556426 ] } },
{ "type": "Feature", "properties": { "building_id": 0, "point_id": 34, "floor": 6 }, "geometry": { "type": "Point", "coordinates": [ 257.061504568646626, 190.587561911664693 ] } },
{ "type": "Feature", "properties": { "building_id": 0, "point_id": 35, "floor": 2 }, "geometry": { "type": "Point", "coordinates": [ 265.691327899951432, 193.490938070959174 ] } },
{ "type": "Feature", "properties": { "building_id": 0, "point_id": 36, "floor": 3 }, "geometry": { "type": "Point", "coordinates": [ 287.796599427769706, 201.459372904603811 ] } },
{ "type": "Feature", "properties": { "building_id": 0, "point_id": 37, "floor": 3 }, "geometry": { "type": "Point", "coordinates": [ 250.963838143700372, 189.442616410372153 ] } },
{ "type": "Feature", "properties": { "building_id": 0, "point_id": 38, "floor": 5 }, "geometry": { "type": "Point", "coordinates": [ 262.644837354994252, 197.238760614146713 ] } },
{ "type": "Feature", "properties": { "building_id": 0, "point_id": 39, "floor": 6 }, "geometry": { "type": "Point", "coordinates": [ 245.528813589506825, 197.925199626186384 ] } },
{ "type": "Feature", "properties": { "building_id": 0, "point_id": 40, "floor": 4 }, "geometry": { "type": "Point", "coordinates": [ 259.178863259501441, 190.894160178834824 ] } },
{ "type": "Feature", "properties": { "building_id": 0, "point_id": 41, "floor": 6 }, "geometry": { "type": "Point", "coordinates": [ 248.546063668490575, 194.252312414123935 ] } },
{ "type": "Feature", "properties": { "building_id": 0, "point_id": 42, "floor": 3 }, "geometry": { "type": "Point", "coordinates": [ 260.971398558196825, 198.759280288892938 ] } },
{ "type": "Feature", "properties": { "building_id": 0, "point_id": 43, "floor": 4 }, "geometry": { "type": "Point", "coordinates": [ 243.757924892600357, 201.854653162855186 ] } },
{ "type": "Feature", "properties": { "building_id": 0, "point_id": 44, "floor": 3 }, "geometry": { "type": "Point", "coordinates": [ 258.090582862397071, 200.818182964179414 ] } },
{ "type": "Feature", "properties": { "building_id": 0, "point_id": 45, "floor": 2 }, "geometry": { "type": "Point", "coordinates": [ 252.88358611924815, 191.810753965700485 ] } },
{ "type": "Feature", "properties": { "building_id": 0, "point_id": 46, "floor": 2 }, "geometry": { "type": "Point", "coordinates": [ 272.114886722750612, 197.434574786070158 ] } },
{ "type": "Feature", "properties": { "building_id": 0, "point_id": 47, "floor": 2 }, "geometry": { "type": "Point", "coordinates": [ 256.809426083519099, 195.907410128668374 ] } },
{ "type": "Feature", "properties": { "building_id": 0, "point_id": 48, "floor": 6 }, "geometry": { "type": "Point", "coordinates": [ 273.89095741529411, 188.789142475746274 ] } },
{ "type": "Feature", "properties": { "building_id": 0, "point_id": 49, "floor": 6 }, "geometry": { "type": "Point", "coordinates": [ 243.325534003261595, 197.00758967953999 ] } },
{ "type": "Feature", "properties": { "building_id": 0, "point_id": 50, "floor": 5 }, "geometry": { "type": "Point", "coordinates": [ 241.868187996132946, 193.200247959724294 ] } },
{ "type": "Feature", "properties": { "building_id": 0, "point_id": 51, "floor": 4 }, "geometry": { "type": "Point", "coordinates": [ 261.398280714881423, 195.979221993717545 ] } },
{ "type": "Feature", "properties": { "building_id": 0, "point_id": 52, "floor": 5 }, "geometry": { "type": "Point", "coordinates": [ 247.535303453154597, 191.916960251747611 ] } },
{ "type": "Feature", "properties": { "building_id": 0, "point_id": 53, "floor": 1 }, "geometry": { "type": "Point", "coordinates": [ 247.501990150088147, 203.667087552812177 ] } },
{ "type": "Feature", "properties": { "building_id": 0, "point_id": 54, "floor": 6 }, "geometry": { "type": "Point", "coordinates": [ 241.71278960252863, 202.230766090196653 ] } },
{ "type": "Feature", "properties": { "building_id": 0, "point_id": 55, "floor": 5 }, "geometry": { "type": "Point", "coordinates": [ 250.798743453286136, 200.355610197791151 ] } },
{ "type": "Feature", "properties": { "building_id": 0, "point_id": 56, "floor": 5 }, "geometry": { "type": "Point", "coordinates": [ 244.590045154113625, 196.322823223981686 ] } },
{ "type": "Feature", "properties": { "building_id": 0, "point_id": 57, "floor": 4 }, "geometry": { "type": "Point", "coordinates": [ 286.569434333479649, 201.299203941520261 ] } },
{ "type": "Feature", "properties": { "building_id": 0, "point_id": 58, "floor": 5 }, "geometry": { "type": "Point", "coordinates": [ 259.705023188303585, 188.360759489439801 ] } },
{ "type": "Feature", "properties": { "building_id": 0, "point_id": 59, "floor": 5 }, "geometry": { "type": "Point", "coordinates": [ 267.57800836079673, 197.903571210304477 ] } },
{ "type": "Feature", "properties": { "building_id": 0, "point_id": 60, "floor": 2 }, "geometry": { "type": "Point", "coordinates": [ 275.784853698878237, 190.762793852471901 ] } },
{ "type": "Feature", "properties": { "building_id": 0, "point_id": 61, "floor": 1 }, "geometry": { "type": "Point", "coordinates": [ 276.757208979338998, 196.817792714289283 ] } },
{ "type": "Feature", "properties": { "building_id": 0, "point_id": 62, "floor": 3 }, "geometry": { "type": "Point", "coordinates": [ 245.413627118427172, 190.400300561955675 ] } },
{ "type": "Feature", "properties": { "building_id": 0, "point_id": 63, "floor": 4 }, "geometry": { "type": "Point", "coordinates": [ 274.685946049274094, 190.911424750143283 ] } },
{ "type": "Feature", "properties": { "building_id": 0, "point_id": 64, "floor": 4 }, "geometry": { "type": "Point", "coordinates": [ 254.001372752789649, 201.308502121764491 ] } },
{ "type": "Feature", "properties": { "building_id": 0, "point_id": 65, "floor": 3 }, "geometry": { "type": "Point", "coordinates": [ 259.049381902341338, 188.419622511901224 ] } },
{ "type": "Feature", "properties": { "building_id": 0, "point_id": 66, "floor": 6 }, "geometry": { "type": "Point", "coordinates": [ 260.428088880493419, 189.959776848213039 ] } },
{ "type": "Feature", "properties": { "building_id": 0, "point_id": 67, "floor": 5 }, "geometry": { "type": "Point", "coordinates": [ 273.507961759906777, 200.26615975908615 ] } },
{ "type": "Feature", "properties": { "building_id": 0, "point_id": 68, "floor": 3 }, "geometry": { "type": "Point", "coordinates": [ 286.727130501033457, 200.291127114182416 ] } },
{ "type": "Feature", "properties": { "building_id": 0, "point_id": 69, "floor": 2 }, "geometry": { "type": "Point", "coordinates": [ 285.245354506581521, 199.446630476314368 ] } },
{ "type": "Feature", "properties": { "building_id": 0, "point_id": 70, "floor": 3 }, "geometry": { "type": "Point", "coordinates": [ 264.664496464171805, 191.014279941400986 ] } },
{ "type": "Feature", "properties": { "building_id": 0, "point_id": 71, "floor": 5 }, "geometry": { "type": "Point", "coordinates": [ 242.439577128537849, 198.634201456762298 ] } },
{ "type": "Feature", "properties": { "building_id": 0, "point_id": 72, "floor": 6 }, "geometry": { "type": "Point", "coordinates": [ 280.193723831466457, 196.177879506782062 ] } },
{ "type": "Feature", "properties": { "building_id": 0, "point_id": 73, "floor": 4 }, "geometry": { "type": "Point", "coordinates": [ 280.07085420089328, 195.38062801511262 ] } },
{ "type": "Feature", "properties": { "building_id": 0, "point_id": 74, "floor": 5 }, "geometry": { "type": "Point", "coordinates": [ 262.002183633390587, 196.71581173494144 ] } },
{ "type": "Feature", "properties": { "building_id": 0, "point_id": 75, "floor": 6 }, "geometry": { "type": "Point", "coordinates": [ 268.348328033734788, 197.183467576153447 ] } },
{ "type": "Feature", "properties": { "building_id": 0, "point_id": 76, "floor": 2 }, "geometry": { "type": "Point", "coordinates": [ 244.266191738229821, 196.318232579569923 ] } },
{ "type": "Feature", "properties": { "building_id": 0, "point_id": 77, "floor": 2 }, "geometry": { "type": "Point", "coordinates": [ 270.363683152848751, 199.481925408874332 ] } },
{ "type": "Feature", "properties": { "building_id": 0, "point_id": 78, "floor": 5 }, "geometry": { "type": "Point", "coordinates": [ 272.373313462783869, 191.702000006049701 ] } },
{ "type": "Feature", "properties": { "building_id": 0, "point_id": 79, "floor": 1 }, "geometry": { "type": "Point", "coordinates": [ 281.002551561635869, 194.45587721243254 ] } },
{ "type": "Feature", "properties": { "building_id": 0, "point_id": 80, "floor": 5 }, "geometry": { "type": "Point", "coordinates": [ 269.95641885523537, 190.972912755212207 ] } },
{ "type": "Feature", "properties": { "building_id": 0, "point_id": 81, "floor": 2 }, "geometry": { "type": "Point", "coordinates": [ 271.222398348510637, 198.225828940901977 ] } },
{ "type": "Feature", "properties": { "building_id": 0, "point_id": 82, "floor": 2 }, "geometry": { "type": "Point", "coordinates": [ 258.777447350123566, 189.319987438895055 ] } },
{ "type": "Feature", "properties": { "building_id": 0, "point_id": 83, "floor": 1 }, "geometry": { "type": "Point", "coordinates": [ 276.628329607775413, 194.545475622219328 ] } },
{ "type": "Feature", "properties": { "building_id": 0, "point_id": 84, "floor": 4 }, "geometry": { "type": "Point", "coordinates": [ 252.002913902229949, 191.187937277164991 ] } },
{ "type": "Feature", "properties": { "building_id": 0, "point_id": 85, "floor": 1 }, "geometry": { "type": "Point", "coordinates": [ 264.610783282536033, 202.848924777742837 ] } },
{ "type": "Feature", "properties": { "building_id": 0, "point_id": 86, "floor": 4 }, "geometry": { "type": "Point", "coordinates": [ 264.402470725783132, 193.129033879438367 ] } },
{ "type": "Feature", "properties": { "building_id": 0, "point_id": 87, "floor": 3 }, "geometry": { "type": "Point", "coordinates": [ 281.647956547803062, 200.808171844367791 ] } },
{ "type": "Feature", "properties": { "building_id": 0, "point_id": 88, "floor": 6 }, "geometry": { "type": "Point", "coordinates": [ 272.208420796189273, 195.949040672436666 ] } },
{ "type": "Feature", "properties": { "building_id": 0, "point_id": 89, "floor": 3 }, "geometry": { "type": "Point", "coordinates": [ 240.823245730657675, 193.450665409470389 ] } },
{ "type": "Feature", "properties": { "building_id": 0, "point_id": 90, "floor": 4 }, "geometry": { "type": "Point", "coordinates": [ 277.779900911226036, 199.807453376033209 ] } },
{ "type": "Feature", "properties": { "building_id": 0, "point_id": 91, "floor": 6 }, "geometry": { "type": "Point", "coordinates": [ 259.239533607802286, 194.56708911684089 ] } },
{ "type": "Feature", "properties": { "building_id": 0, "point_id": 92, "floor": 2 }, "geometry": { "type": "Point", "coordinates": [ 264.117914983451044, 197.550000455095415 ] } },
{ "type": "Feature", "properties": { "building_id": 0, "point_id": 93, "floor": 5 }, "geometry": { "type": "Point", "coordinates": [ 276.257741799081657, 198.421183844309184 ] } },
{ "type": "Feature", "properties": { "building_id": 0, "point_id": 94, "floor": 1 }, "geometry": { "type": "Point", "coordinates": [ 269.46383088838968, 194.082738786264258 ] } },
{ "type": "Feature", "properties": { "building_id": 0, "point_id": 95, "floor": 1 }, "geometry": { "type": "Point", "coordinates": [ 261.494029718451145, 193.637047110506217 ] } },
{ "type": "Feature", "properties": { "building_id": 0, "point_id": 96, "floor": 5 }, "geometry": { "type": "Point", "coordinates": [ 240.104126619284244, 197.893995824954658 ] } },
{ "type": "Feature", "properties": { "building_id": 0, "point_id": 97, "floor": 5 }, "geometry": { "type": "Point", "coordinates": [ 241.139983781303584, 191.013734021207 ] } },
{ "type": "Feature", "properties": { "building_id": 0, "point_id": 98, "floor": 4 }, "geometry": { "type": "Point", "coordinates": [ 270.810039802333165, 194.724517562983181 ] } },
{ "type": "Feature", "properties": { "building_id": 0, "point_id": 99, "floor": 1 }, "geometry": { "type": "Point", "coordinates": [ 255.373346697211133, 193.879004787638593 ] } },
{ "type": "Feature", "properties": { "building_id": 0, "point_id": 100, "floor": 6 }, "geometry": { "type": "Point", "coordinates": [ 269.240849102246727, 201.350273684649039 ] } },
{ "type": "Feature", "properties": { "building_id": 0, "point_id": 101, "floor": 4 }, "geometry": { "type": "Point", "coordinates": [ 251.945238784033478, 199.000338002594532 ] } },
{ "type": "Feature", "properties": { "building_id": 0, "point_id": 102, "floor": 4 }, "geometry": { "type": "Point", "coordinates": [ 276.635223371629365, 196.489363639840576 ] } },
{ "type": "Feature", "properties": { "building_id": 0, "point_id": 103, "floor": 3 }, "geometry": { "type": "Point", "coordinates": [ 255.059178056457313, 200.459736095865253 ] } },
{ "type": "Feature", "properties": { "building_id": 0, "point_id": 104, "floor": 5 }, "geometry": { "type": "Point", "coordinates": [ 283.243414144917892, 196.341487524373093 ] } },
{ "type": "Feature", "properties": { "building_id": 0, "point_id": 105, "floor": 2 }, "geometry": { "type": "Point", "coordinates": [ 266.486131738957624, 189.060479462132321 ] } },
{ "type": "Feature", "properties": { "building_id": 0, "point_id": 106, "floor": 2 }, "geometry": { "type": "Point", "coordinates": [ 260.6130422892453, 199.564357134400012 ] } },
{ "type": "Feature", "properties": { "building_id": 0, "point_id": 107, "floor": 5 }, "geometry": { "type": "Point", "coordinates": [ 283.883760364532918, 200.524234161200582 ] } },
{ "type": "Feature", "properties": { "building_id": 0, "point_id": 108, "floor": 5 }, "geometry": { "type": "Point", "coordinates": [ 241.993218057503725, 189.383743076213904 ] } },
{ "type": "Feature", "properties": { "building_id": 0, "point_id": 109, "floor": 5 }, "geometry": { "type": "Point", "coordinates": [ 254.23421079534134, 191.897595415315379 ] } },
{ "type": "Feature", "properties": { "building_id": 0, "point_id": 110, "floor": 3 }, "geometry": { "type": "Point", "coordinates": [ 284.889976722878771, 200.411761977928734 ] } },
{ "type": "Feature", "properties": { "building_id": 0, "point_id": 111, "floor": 3 }, "geometry": { "type": "Point", "coordinates": [ 267.768866843315209, 197.568467950477469 ] } },
{ "type": "Feature", "properties": { "building_id": 0, "point_id": 112, "floor": 6 }, "geometry": { "type": "Point", "coordinates": [ 249.832152457336605, 189.334986614515429 ] } },
{ "type": "Feature", "properties": { "building_id": 0, "point_id": 113, "floor": 6 }, "geometry": { "type": "Point", "coordinates": [ 254.458203010617183, 193.278928709937503 ] } },
{ "type": "Feature", "properties": { "building_id": 0, "point_id": 114, "floor": 5 }, "geometry": { "type": "Point", "coordinates": [ 258.731404668389871, 195.264833585187034 ] } },
{ "type": "Feature", "properties": { "building_id": 0, "point_id": 115, "floor": 5 }, "geometry": { "type": "Point", "coordinates": [ 247.52275467866491, 197.193248038416158 ] } },
{ "type": "Feature", "properties": { "building_id": 0, "point_id": 116, "floor": 4 }, "geometry": { "type": "Point", "coordinates": [ 271.137106764813325, 200.561892896391811 ] } },
{ "type": "Feature", "properties": { "building_id": 0, "point_id": 117, "floor": 1 }, "geometry": { "type": "Point", "coordinates": [ 253.866449057087863, 197.361927355643274 ] } },
{ "type": "Feature", "properties": { "building_id": 0, "point_id": 118, "floor": 2 }, "geometry": { "type": "Point", "coordinates": [ 268.578315986095788, 194.969772701199815 ] } },
{ "type": "Feature", "properties": { "building_id": 0, "point_id": 119, "floor": 6 }, "geometry": { "type": "Point", "coordinates": [ 255.845072726031219, 199.109485796932574 ] } },
{ "type": "Feature", "properties": { "building_id": 0, "point_id": 120, "floor": 6 }, "geometry": { "type": "Point", "coordinates": [ 254.45883887563113, 197.706677530833929 ] } },
{ "type": "Feature", "properties": { "building_id": 0, "point_id": 121, "floor": 6 }, "geometry": { "type": "Point", "coordinates": [ 253.83400583339332, 193.000069091112152 ] } },
{ "type": "Feature", "properties": { "building_id": 0, "point_id": 122, "floor": 2 }, "geometry": { "type": "Point", "coordinates": [ 258.446464447963535, 197.414973392479993 ] } },
{ "type": "Feature", "properties": { "building_id": 0, "point_id": 123, "floor": 4 }, "geometry": { "type": "Point", "coordinates": [ 243.11395537193772, 189.874349082306225 ] } },
{ "type": "Feature", "properties": { "building_id": 0, "point_id": 124, "floor": 6 }, "geometry": { "type": "Point", "coordinates": [ 280.48183698358622, 195.980351894364247 ] } },
{ "type": "Feature", "properties": { "building_id": 0, "point_id": 125, "floor": 3 }, "geometry": { "type": "Point", "coordinates": [ 283.443943579222321, 190.684059761805884 ] } },
{ "type": "Feature", "properties": { "building_id": 0, "point_id": 126, "floor": 4 }, "geometry": { "type": "Point", "coordinates": [ 242.010253386984914, 195.662866611480041 ] } },
{ "type": "Feature", "properties": { "building_id": 0, "point_id": 127, "floor": 4 }, "geometry": { "type": "Point", "coordinates": [ 287.257496829130844, 200.372290666718186 ] } },
{ "type": "Feature", "properties": { "building_id": 0, "point_id": 128, "floor": 2 }, "geometry": { "type": "Point", "coordinates": [ 247.46446474449354, 191.202764801591854 ] } },
{ "type": "Feature", "properties": { "building_id": 0, "point_id": 129, "floor": 4 }, "geometry": { "type": "Point", "coordinates": [ 284.99592788160885, 191.876015629708888 ] } },
{ "type": "Feature", "properties": { "building_id": 0, "point_id": 130, "floor": 1 }, "geometry": { "type": "Point", "coordinates": [ 279.884082880842243, 188.476101994385431 ] } },
{ "type": "Feature", "properties": { "building_id": 0, "point_id": 131, "floor": 6 }, "geometry": { "type": "Point", "coordinates": [ 277.274448872794324, 197.368500439961849 ] } },
{ "type": "Feature", "properties": { "building_id": 0, "point_id": 132, "floor": 2 }, "geometry": { "type": "Point", "coordinates": [ 276.833875255104658, 188.772555304454585 ] } },
{ "type": "Feature", "properties": { "building_id": 0, "point_id": 133, "floor": 2 }, "geometry": { "type": "Point", "coordinates": [ 274.866657254316976, 192.427123795885819 ] } },
{ "type": "Feature", "properties": { "building_id": 0, "point_id": 134, "floor": 4 }, "geometry": { "type": "Point", "coordinates": [ 253.518151472077221, 203.254857383625477 ] } },
{ "type": "Feature", "properties": { "building_id": 0, "point_id": 135, "floor": 1 }, "geometry": { "type": "Point", "coordinates": [ 248.746291526571753, 198.096568937499313 ] } },
{ "type": "Feature", "properties": { "building_id": 0, "point_id": 136, "floor": 2 }, "geometry": { "type": "Point", "coordinates": [ 253.570895101798925, 195.297998212604341 ] } },
{ "type": "Feature", "properties": { "building_id": 0, "point_id": 137, "floor": 1 }, "geometry": { "type": "Point", "coordinates": [ 256.685938379854178, 202.964576571988061 ] } },
{ "type": "Feature", "properties": { "building_id": 0, "point_id": 138, "floor": 3 }, "geometry": { "type": "Point", "coordinates": [ 264.451326055924653, 202.533537476601197 ] } },
{ "type": "Feature", "properties": { "building_id": 0, "point_id": 139, "floor": 2 }, "geometry": { "type": "Point", "coordinates": [ 279.052964512843914, 191.575955510930555 ] } },
{ "type": "Feature", "properties": { "building_id": 0, "point_id": 140, "floor": 1 }, "geometry": { "type": "Point", "coordinates": [ 277.088507934068389, 193.734191238638346 ] } },
{ "type": "Feature", "properties": { "building_id": 0, "point_id": 141, "floor": 1 }, "geometry": { "type": "Point", "coordinates": [ 252.652216312083027, 194.868885760753358 ] } },
{ "type": "Feature", "properties": { "building_id": 0, "point_id": 142, "floor": 3 }, "geometry": { "type": "Point", "coordinates": [ 264.76027794045109, 192.014866898156242 ] } },
{ "type": "Feature", "properties": { "building_id": 0, "point_id": 143, "floor": 5 }, "geometry": { "type": "Point", "coordinates": [ 280.805560840254259, 196.99443100352363 ] } },
{ "type": "Feature", "properties": { "building_id": 0, "point_id": 144, "floor": 2 }, "geometry": { "type": "Point", "coordinates": [ 268.328499293236632, 192.85251934761726 ] } },
{ "type": "Feature", "properties": { "building_id": 0, "point_id": 145, "floor": 3 }, "geometry": { "type": "Point", "coordinates": [ 285.193732353710686, 202.131738236923582 ] } },
{ "type": "Feature", "properties": { "building_id": 0, "point_id": 146, "floor": 3 }, "geometry": { "type": "Point", "coordinates": [ 271.511454755397835, 198.066769244343874 ] } },
{ "type": "Feature", "properties": { "building_id": 0, "point_id": 147, "floor": 2 }, "geometry": { "type": "Point", "coordinates": [ 278.706370171411095, 200.30038641540483 ] } },
{ "type": "Feature", "properties": { "building_id": 0, "point_id": 148, "floor": 4 }, "geometry": { "type": "Point", "coordinates": [ 270.137141894010824, 200.401685041294968 ] } },
{ "type": "Feature", "properties": { "building_id": 0, "point_id": 149, "floor": 2 }, "geometry": { "type": "Point", "coordinates": [ 267.036394524758862, 201.958252664850164 ] } },
{ "type": "Feature", "properties": { "building_id": 0, "point_id": 150, "floor": 6 }, "geometry": { "type": "Point", "coordinates": [ 269.171478834181869, 202.663695675494722 ] } },
{ "type": "Feature", "properties": { "building_id": 0, "point_id": 151, "floor": 6 }, "geometry": { "type": "Point", "coordinates": [ 249.828174848885453, 203.202828651334556 ] } },
{ "type": "Feature", "properties": { "building_id": 0, "point_id": 152, "floor": 6 }, "geometry": { "type": "Point", "coordinates": [ 279.313834911451579, 192.602883389088703 ] } },
{ "type": "Feature", "properties": { "building_id": 0, "point_id": 153, "floor": 3 }, "geometry": { "type": "Point", "coordinates": [ 269.613883849632657, 202.11953784639303 ] } },
{ "type": "Feature", "properties": { "building_id": 0, "point_id": 154, "floor": 6 }, "geometry": { "type": "Point", "coordinates": [ 271.852386947889158, 193.188139743517326 ] } },
{ "type": "Feature", "properties": { "building_id": 0, "point_id": 155, "floor": 1 }, "geometry": { "type": "Point", "coordinates": [ 253.85989636752754, 200.530981796963374 ] } },
{ "type": "Feature", "properties": { "building_id": 0, "point_id": 156, "floor": 6 }, "geometry": { "type": "Point", "coordinates": [ 277.390872434300263, 200.808332851559413 ] } },
{ "type": "Feature", "properties": { "building_id": 0, "point_id": 157, "floor": 1 }, "geometry": { "type": "Point", "coordinates": [ 249.881186449799884, 198.2760073474943 ] } },
{ "type": "Feature", "properties": { "building_id": 0, "point_id": 158, "floor": 4 }, "geometry": { "type": "Point", "coordinates": [ 277.461871913396294, 197.987042733929741 ] } },
{ "type": "Feature", "properties": { "building_id": 0, "point_id": 159, "floor": 5 }, "geometry": { "type": "Point", "coordinates": [ 282.557121749124235, 197.74193752778109 ] } },
{ "type": "Feature", "properties": { "building_id": 0, "point_id": 160, "floor": 1 }, "geometry": { "type": "Point", "coordinates": [ 241.075685604628802, 203.060037116730257 ] } },
{ "type": "Feature", "properties": { "building_id": 0, "point_id": 161, "floor": 3 }, "geometry": { "type": "Point", "coordinates": [ 279.604045432492626, 195.521641797411149 ] } },
{ "type": "Feature", "properties": { "building_id": 0, "point_id": 162, "floor": 5 }, "geometry": { "type": "Point", "coordinates": [ 258.771320472002117, 198.194186201388561 ] } },
{ "type": "Feature", "properties": { "building_id": 0, "point_id": 163, "floor": 2 }, "geometry": { "type": "Point", "coordinates": [ 260.596655104702904, 189.794135882845808 ] } },
{ "type": "Feature", "properties": { "building_id": 0, "point_id": 164, "floor": 5 }, "geometry": { "type": "Point", "coordinates": [ 279.466785230885591, 195.41680914353941 ] } },
{ "type": "Feature", "properties": { "building_id": 0, "point_id": 165, "floor": 2 }, "geometry": { "type": "Point", "coordinates": [ 246.870205456533256, 191.472690643996714 ] } },
{ "type": "Feature", "properties": { "building_id": 0, "point_id": 166, "floor": 6 }, "geometry": { "type": "Point", "coordinates": [ 265.860623804232091, 198.396521119007105 ] } },
{ "type": "Feature", "properties": { "building_id": 0, "point_id": 167, "floor": 1 }, "geometry": { "type": "Point", "coordinates": [ 254.22655111691077, 191.257627033264754 ] } },
{ "type": "Feature", "properties": { "building_id": 0, "point_id": 168, "floor": 1 }, "geometry": { "type": "Point", "coordinates": [ 261.712577782296933, 189.850813689328476 ] } },
{ "type": "Feature", "properties": { "building_id": 0, "point_id": 169, "floor": 4 }, "geometry": { "type": "Point", "coordinates": [ 280.674347261923458, 197.806799979218937 ] } },
{ "type": "Feature", "properties": { "building_id": 0, "point_id": 170, "floor": 1 }, "geometry": { "type": "Point", "coordinates": [ 245.88864394487851, 200.202467287179701 ] } },
{ "type": "Feature", "properties": { "building_id": 0, "point_id": 171, "floor": 3 }, "geometry": { "type": "Point", "coordinates": [ 268.895812960180194, 195.75421230866985 ] } },
{ "type": "Feature", "properties": { "building_id": 0, "point_id": 172, "floor": 3 }, "geometry": { "type": "Point", "coordinates": [ 249.914939844102548, 189.314088264661791 ] } },
{ "type": "Feature", "properties": { "building_id": 0, "point_id": 173, "floor": 6 }, "geometry": { "type": "Point", "coordinates": [ 260.133141335960374, 196.283673105474975 ] } },
{ "type": "Feature", "properties": { "building_id": 0, "point_id": 174, "floor": 5 }, "geometry": { "type": "Point", "coordinates": [ 269.751600792226668, 199.729210133924681 ] } },
{ "type": "Feature", "properties": { "building_id": 0, "point_id": 175, "floor": 6 }, "geometry": { "type": "Point", "coordinates": [ 255.951850485351798, 188.410640793015546 ] } },
{ "type": "Feature", "properties": { "building_id": 0, "point_id": 176, "floor": 5 }, "geometry": { "type": "Point", "coordinates": [ 285.991499074555691, 200.467352425924219 ] } },
{ "type": "Feature", "properties": { "building_id": 0, "point_id": 177, "floor": 1 }, "geometry": { "type": "Point", "coordinates": [ 255.302053197621206, 195.130474794687615 ] } },
{ "type": "Feature", "properties": { "building_id": 0, "point_id": 178, "floor": 1 }, "geometry": { "type": "Point", "coordinates": [ 272.186998380735531, 200.913030738756277 ] } },
{ "type": "Feature", "properties": { "building_id": 0, "point_id": 179, "floor": 1 }, "geometry": { "type": "Point", "coordinates": [ 284.998466561076896, 199.315429299219545 ] } },
{ "type": "Feature", "properties": { "building_id": 0, "point_id": 180, "floor": 5 }, "geometry": { "type": "Point", "coordinates": [ 283.714994451439111, 188.592677742077939 ] } },
{ "type": "Feature", "properties": { "building_id": 0, "point_id": 181, "floor": 1 }, "geometry": { "type": "Point", "coordinates": [ 276.164143366826579, 188.214806083024285 ] } },
{ "type": "Feature", "properties": { "building_id": 0, "point_id": 182, "floor": 3 }, "geometry": { "type": "Point", "coordinates": [ 263.293628092988911, 191.623645224815164 ] } },
{ "type": "Feature", "properties": { "building_id": 0, "point_id": 183, "floor": 6 }, "geometry": { "type": "Point", "coordinates": [ 247.998910292943663, 193.931699954603033 ] } },
{ "type": "Feature", "properties": { "building_id": 0, "point_id": 184, "floor": 2 }, "geometry": { "type": "Point", "coordinates": [ 264.600765015362185, 192.396842127753871 ] } },
{ "type": "Feature", "properties": { "building_id": 0, "point_id": 185, "floor": 4 }, "geometry": { "type": "Point", "coordinates": [ 283.479789318353426, 202.235630556950241 ] } },
{ "type": "Feature", "properties": { "building_id": 0, "point_id": 186, "floor": 6 }, "geometry": { "type": "Point", "coordinates": [ 286.64704928049099, 193.548929786692582 ] } },
{ "type": "Feature", "properties": { "building_id": 0, "point_id": 187, "floor": 2 }, "geometry": { "type": "Point", "coordinates": [ 240.072118890874947, 196.889957401838529 ] } },
{ "type": "Feature", "properties": { "building_id": 0, "point_id": 188, "floor": 4 }, "geometry": { "type": "Point", "coordinates": [ 284.607647096512892, 199.461454462653563 ] } },
{ "type": "Feature", "properties": { "building_id": 0, "point_id": 189, "floor": 6 }, "geometry": { "type": "Point", "coordinates": [ 244.886171064283502, 201.600038369859163 ] } },
{ "type": "Feature", "properties": { "building_id": 0, "point_id": 190, "floor": 3 }, "geometry": { "type": "Point", "coordinates": [ 258.749503636392035, 190.331645673730918 ] } },
{ "type": "Feature", "properties": { "building_id": 0, "point_id": 191, "floor": 5 }, "geometry": { "type": "Point", "coordinates": [ 265.263333338147049, 190.750119504065111 ] } },
{ "type": "Feature", "properties": { "building_id": 0, "point_id": 192, "floor": 2 }, "geometry": { "type": "Point", "coordinates": [ 246.770297228720722, 195.920096515061516 ] } },
{ "type": "Feature", "properties": { "building_id": 0, "point_id": 193, "floor": 3 }, "geometry": { "type": "Point", "coordinates": [ 244.723967272340417, 197.713565761848315 ] } },
{ "type": "Feature", "properties": { "building_id": 0, "point_id": 194, "floor": 2 }, "geometry": { "type": "Point", "coordinates": [ 269.836298989818715, 196.163715868892268 ] } },
{ "type": "Feature", "properties": { "building_id": 0, "point_id": 195, "floor": 1 }, "geometry": { "type": "Point", "coordinates": [ 276.652852049267892, 197.783312827033853 ] } },
{ "type": "Feature", "properties": { "building_id": 0, "point_id": 196, "floor": 4 }, "geometry": { "type": "Point", "coordinates": [ 270.261040454122394, 202.681706269295148 ] } },
{ "type": "Feature", "properties": { "building_id": 0, "point_id": 197, "floor": 1 }, "geometry": { "type": "Point", "coordinates": [ 265.557495206699627, 195.126905039834952 ] } },
{ "type": "Feature", "properties": { "building_id": 0, "point_id": 198, "floor": 6 }, "geometry": { "type": "Point", "coordinates": [ 254.831438070982273, 196.929123020591106 ] } },
{ "type": "Feature", "properties": { "building_id": 0, "point_id": 199, "floor": 2 }, "geometry": { "type": "Point", "coordinates": [ 271.75879422718458, 196.732751344176734 ] } },
{ "type": "Feature", "properties": { "building_id": 0, "point_id": 200, "floor": 5 }, "geometry": { "type": "Point", "coordinates": [ 259.940740018896463, 195.06885423371898 ] } },
{ "type": "Feature", "properties": { "building_id": 0, "point_id": 201, "floor": 1 }, "geometry": { "type": "Point", "coordinates": [ 271.426101631944562, 193.919386752744202 ] } },
{ "type": "Feature", "properties": { "building_id": 0, "point_id": 202, "floor": 1 }, "geometry": { "type": "Point", "coordinates": [ 286.244123875987839, 194.71674668580485 ] } },
{ "type": "Feature", "properties": { "building_id": 0, "point_id": 203, "floor": 5 }, "geometry": { "type": "Point", "coordinates": [ 270.953659089741848, 194.782981542052028 ] } },
{ "type": "Feature", "properties": { "building_id": 0, "point_id": 204, "floor": 2 }, "geometry": { "type": "Point", "coordinates": [ 276.971167183402656, 192.291748963918025 ] } },
{ "type": "Feature", "properties": { "building_id": 0, "point_id": 205, "floor": 2 }, "geometry": { "type": "Point", "coordinates": [ 257.984189747682933, 190.751621989136765 ] } },
{ "type": "Feature", "properties": { "building_id": 0, "point_id": 206, "floor": 2 }, "geometry": { "type": "Point", "coordinates": [ 250.800977357150572, 190.091668666993854 ] } },
{ "type": "Feature", "properties": { "building_id": 0, "point_id": 207, "floor": 5 }, "geometry": { "type": "Point", "coordinates": [ 274.490241741686418, 195.664250643100331 ] } },
{ "type": "Feature", "properties": { "building_id": 0, "point_id": 208, "floor": 4 }, "geometry": { "type": "Point", "coordinates": [ 241.364999925278426, 197.507274141731017 ] } },
{ "type": "Feature", "properties": { "building_id": 0, "point_id": 209, "floor": 1 }, "geometry": { "type": "Point", "coordinates": [ 274.542507609906011, 202.594800441276107 ] } },
{ "type": "Feature", "properties": { "building_id": 0, "point_id": 210, "floor": 3 }, "geometry": { "type": "Point", "coordinates": [ 279.344207170744482, 190.476803900114191 ] } },
{ "type": "Feature", "properties": { "building_id": 0, "point_id": 211, "floor": 3 }, "geometry": { "type": "Point", "coordinates": [ 263.488305064011513, 196.186707926853842 ] } },
{ "type": "Feature", "properties": { "building_id": 0, "point_id": 212, "floor": 3 }, "geometry": { "type": "Point", "coordinates": [ 272.225233556930675, 200.357834469991957 ] } },
{ "type": "Feature", "properties": { "building_id": 0, "point_id": 213, "floor": 4 }, "geometry": { "type": "Point", "coordinates": [ 247.552637871317614, 203.257900355499572 ] } },
{ "type": "Feature", "properties": { "building_id": 0, "point_id": 214, "floor": 4 }, "geometry": { "type": "Point", "coordinates": [ 259.910084178667319, 202.340433963006603 ] } },
{ "type": "Feature", "properties": { "building_id": 0, "point_id": 215, "floor": 3 }, "geometry": { "type": "Point", "coordinates": [ 269.315139182915402, 188.276864213979024 ] } },
{ "type": "Feature", "properties": { "building_id": 0, "point_id": 216, "floor": 2 }, "geometry": { "type": "Point", "coordinates": [ 254.381553509338602, 197.821812903670633 ] } },
{ "type": "Feature", "properties": { "building_id": 0, "point_id": 217, "floor": 1 }, "geometry": { "type": "Point", "coordinates": [ 245.576065961164943, 198.507842656627446 ] } },
{ "type": "Feature", "properties": { "building_id": 0, "point_id": 218, "floor": 5 }, "geometry": { "type": "Point", "coordinates": [ 258.107798098967578, 196.349503855947802 ] } },
{ "type": "Feature", "properties": { "building_id": 0, "point_id": 219, "floor": 5 }, "geometry": { "type": "Point", "coordinates": [ 254.966349792254249, 192.023697699038024 ] } },
{ "type": "Feature", "properties": { "building_id": 0, "point_id": 220, "floor": 6 }, "geometry": { "type": "Point", "coordinates": [ 285.180604657897106, 194.355112620214328 ] } },
{ "type": "Feature", "properties": { "building_id": 0, "point_id": 221, "floor": 6 }, "geometry": { "type": "Point", "coordinates": [ 253.774566908738592, 192.96697427963835 ] } },
{ "type": "Feature", "properties": { "building_id": 0, "point_id": 222, "floor": 3 }, "geometry": { "type": "Point", "coordinates": [ 266.142876640006364, 199.656412435428365 ] } },
{ "type": "Feature", "properties": { "building_id": 0, "point_id": 223, "floor": 4 }, "geometry": { "type": "Point", "coordinates": [ 245.009377684192089, 200.805510854991354 ] } },
{ "type": "Feature", "properties": { "building_id": 0, "point_id": 224, "floor": 4 }, "geometry": { "type": "Point", "coordinates": [ 286.482641186846934, 197.613583886894219 ] } },
{ "type": "Feature", "properties": { "building_id": 0, "point_id": 225, "floor": 3 }, "geometry": { "type": "Point", "coordinates": [ 273.399905094535882, 197.301133281131769 ] } },
{ "type": "Feature", "properties": { "building_id": 0, "point_id": 226, "floor": 5 }, "geometry": { "type": "Point", "coordinates": [ 275.17305081605889, 191.748081143409308 ] } },
{ "type": "Feature", "properties": { "building_id": 0, "point_id": 227, "floor": 4 }, "geometry": { "type": "Point", "coordinates": [ 275.869660744189275, 193.044918098941423 ] } },
{ "type": "Feature", "properties": { "building_id": 0, "point_id": 228, "floor": 3 }, "geometry": { "type": "Point", "coordinates": [ 281.132161195059496, 189.283617765674478 ] } },
{ "type": "Feature", "properties": { "building_id": 0, "point_id": 229, "floor": 1 }, "geometry": { "type": "Point", "coordinates": [ 270.605733900039354, 196.011084249940353 ] } },
{ "type": "Feature", "properties": { "building_id": 0, "point_id": 230, "floor": 1 }, "geometry": { "type": "Point", "coordinates": [ 282.025914055394367, 188.941970949625357 ] } },
{ "type": "Feature", "properties": { "building_id": 0, "point_id": 231, "floor": 6 }, "geometry": { "type": "Point", "coordinates": [ 248.174799276600453, 200.576040441805333 ] } },
{ "type": "Feature", "properties": { "building_id": 0, "point_id": 232, "floor": 2 }, "geometry": { "type": "Point", "coordinates": [ 255.097132868488018, 202.492401470891224 ] } },
{ "type": "Feature", "properties": { "building_id": 0, "point_id": 233, "floor": 1 }, "geometry": { "type": "Point", "coordinates": [ 282.102973628376333, 188.100283104349842 ] } },
{ "type": "Feature", "properties": { "building_id": 1, "point_id": 0, "floor": 5 }, "geometry": { "type": "Point", "coordinates": [ 322.837181070858946, 190.549637647450396 ] } },
{ "type": "Feature", "properties": { "building_id": 1, "point_id": 1, "floor": 1 }, "geometry": { "type": "Point", "coordinates": [ 324.212074109451748, 193.538133781644717 ] } },
{ "type": "Feature", "properties": { "building_id": 1, "point_id": 2, "floor": 4 }, "geometry": { "type": "Point", "coordinates": [ 302.394294718628714, 192.982765088063701 ] } },
{ "type": "Feature", "properties": { "building_id": 1, "point_id": 3, "floor": 5 }, "geometry": { "type": "Point", "coordinates": [ 304.991164953860221, 186.915426695428664 ] } },
{ "type": "Feature", "properties": { "building_id": 1, "point_id": 4, "floor": 4 }, "geometry": { "type": "Point", "coordinates": [ 310.736025515085089, 189.005166312588983 ] } },
{ "type": "Feature", "properties": { "building_id": 1, "point_id": 5, "floor": 6 }, "geometry": { "type": "Point", "coordinates": [ 309.940552504987522, 189.977728318357691 ] } },
{ "type": "Feature", "properties": { "building_id": 1, "point_id": 6, "floor": 5 }, "geometry": { "type": "Point", "coordinates": [ 317.226703747832232, 191.942286775425146 ] } },
{ "type": "Feature", "properties": { "building_id": 1, "point_id": 7, "floor": 4 }, "geometry": { "type": "Point", "coordinates": [ 304.496389531105649, 199.419865594118164 ] } },
{ "type": "Feature", "properties": { "building_id": 1, "point_id": 8, "floor": 2 }, "geometry": { "type": "Point", "coordinates": [ 309.097951427207875, 196.992538112969072 ] } },
{ "type": "Feature", "properties": { "building_id": 1, "point_id": 9, "floor": 2 }, "geometry": { "type": "Point", "coordinates": [ 325.136435764123974, 189.520008693916054 ] } },
{ "type": "Feature", "properties": { "building_id": 1, "point_id": 10, "floor": 1 }, "geometry": { "type": "Point", "coordinates": [ 297.978656121691643, 187.277226878198007 ] } },
{ "type": "Feature", "properties": { "building_id": 1, "point_id": 11, "floor": 6 }, "geometry": { "type": "Point", "coordinates": [ 326.37551238110467, 189.208381926376006 ] } },
{ "type": "Feature", "properties": { "building_id": 1, "point_id": 12, "floor": 2 }, "geometry": { "type": "Point", "coordinates": [ 317.063412745277617, 195.244513559051057 ] } },
{ "type": "Feature", "properties": { "building_id": 1, "point_id": 13, "floor": 5 }, "geometry": { "type": "Point", "coordinates": [ 310.969396164246291, 187.687925169273001 ] } },
{ "type": "Feature", "properties": { "building_id": 1, "point_id": 14, "floor": 5 }, "geometry": { "type": "Point", "coordinates": [ 301.516188766495361, 199.237827040586836 ] } },
{ "type": "Feature", "properties": { "building_id": 1, "point_id": 15, "floor": 6 }, "geometry": { "type": "Point", "coordinates": [ 316.739242213917692, 190.164179566317756 ] } },
{ "type": "Feature", "properties": { "building_id": 1, "point_id": 16, "floor": 3 }, "geometry": { "type": "Point", "coordinates": [ 317.526438054732807, 190.674918817226569 ] } },
{ "type": "Feature", "properties": { "building_id": 1, "point_id": 17, "floor": 3 }, "geometry": { "type": "Point", "coordinates": [ 334.741016800657917, 192.101839822697201 ] } },
{ "type": "Feature", "properties": { "building_id": 1, "point_id": 18, "floor": 4 }, "geometry": { "type": "Point", "coordinates": [ 307.091476251917186, 189.761407745713825 ] } },
{ "type": "Feature", "properties": { "building_id": 1, "point_id": 19, "floor": 3 }, "geometry": { "type": "Point", "coordinates": [ 320.666521701261217, 189.115028969062848 ] } },
{ "type": "Feature", "properties": { "building_id": 1, "point_id": 20, "floor": 5 }, "geometry": { "type": "Point", "coordinates": [ 333.297573852596088, 188.01825536558917 ] } },
{ "type": "Feature", "properties": { "building_id": 1, "point_id": 21, "floor": 6 }, "geometry": { "type": "Point", "coordinates": [ 334.734097531026919, 189.732734623236382 ] } },
{ "type": "Feature", "properties": { "building_id": 1, "point_id": 22, "floor": 1 }, "geometry": { "type": "Point", "coordinates": [ 325.425816831852046, 194.695798587817677 ] } },
{ "type": "Feature", "properties": { "building_id": 1, "point_id": 23, "floor": 2 }, "geometry": { "type": "Point", "coordinates": [ 302.139216900086296, 192.045199409530795 ] } },
{ "type": "Feature", "properties": { "building_id": 1, "point_id": 24, "floor": 5 }, "geometry": { "type": "Point", "coordinates": [ 301.134675786313437, 198.224724511446595 ] } },
{ "type": "Feature", "properties": { "building_id": 1, "point_id": 25, "floor": 2 }, "geometry": { "type": "Point", "coordinates": [ 299.053555371941229, 189.311002442449109 ] } },
{ "type": "Feature", "properties": { "building_id": 1, "point_id": 26, "floor": 5 }, "geometry": { "type": "Point", "coordinates": [ 333.29609380315685, 197.094055237127634 ] } },
{ "type": "Feature", "properties": { "building_id": 1, "point_id": 27, "floor": 3 }, "geometry": { "type": "Point", "coordinates": [ 302.597752691342407, 191.951532724732857 ] } },
{ "type": "Feature", "properties": { "building_id": 1, "point_id": 28, "floor": 6 }, "geometry": { "type": "Point", "coordinates": [ 333.933757614592594, 196.74960554633617 ] } },
{ "type": "Feature", "properties": { "building_id": 1, "point_id": 29, "floor": 2 }, "geometry": { "type": "Point", "coordinates": [ 313.542375726699674, 191.001783190519234 ] } },
{ "type": "Feature", "properties": { "building_id": 1, "point_id": 30, "floor": 6 }, "geometry": { "type": "Point", "coordinates": [ 321.164567835687876, 191.541530118442353 ] } },
{ "type": "Feature", "properties": { "building_id": 1, "point_id": 31, "floor": 5 }, "geometry": { "type": "Point", "coordinates": [ 334.636874356092562, 192.5082193288886 ] } },
{ "type": "Feature", "properties": { "building_id": 1, "point_id": 32, "floor": 1 }, "geometry": { "type": "Point", "coordinates": [ 335.912160155577055, 189.010976728373834 ] } },
{ "type": "Feature", "properties": { "building_id": 1, "point_id": 33, "floor": 3 }, "geometry": { "type": "Point", "coordinates": [ 304.468073227705247, 194.810692580730858 ] } },
{ "type": "Feature", "properties": { "building_id": 1, "point_id": 34, "floor": 3 }, "geometry": { "type": "Point", "coordinates": [ 310.592030945512136, 194.96219287858159 ] } },
{ "type": "Feature", "properties": { "building_id": 1, "point_id": 35, "floor": 3 }, "geometry": { "type": "Point", "coordinates": [ 300.154045671488461, 191.177700303433113 ] } },
{ "type": "Feature", "properties": { "building_id": 1, "point_id": 36, "floor": 4 }, "geometry": { "type": "Point", "coordinates": [ 326.50413732353303, 190.811744235317121 ] } },
{ "type": "Feature", "properties": { "building_id": 1, "point_id": 37, "floor": 3 }, "geometry": { "type": "Point", "coordinates": [ 308.545244907161361, 193.806442558151048 ] } },
{ "type": "Feature", "properties": { "building_id": 1, "point_id": 38, "floor": 3 }, "geometry": { "type": "Point", "coordinates": [ 311.824834707296134, 187.855351613721922 ] } },
{ "type": "Feature", "properties": { "building_id": 1, "point_id": 39, "floor": 3 }, "geometry": { "type": "Point", "coordinates": [ 297.212882848012953, 189.23415699850085 ] } },
{ "type": "Feature", "properties": { "building_id": 1, "point_id": 40, "floor": 6 }, "geometry": { "type": "Point", "coordinates": [ 307.540246235835866, 190.614312540905786 ] } },
{ "type": "Feature", "properties": { "building_id": 1, "point_id": 41, "floor": 4 }, "geometry": { "type": "Point", "coordinates": [ 333.413643347793595, 191.717588188045511 ] } },
{ "type": "Feature", "properties": { "building_id": 1, "point_id": 42, "floor": 1 }, "geometry": { "type": "Point", "coordinates": [ 310.056871878836205, 194.308847551186091 ] } },
{ "type": "Feature", "properties": { "building_id": 1, "point_id": 43, "floor": 5 }, "geometry": { "type": "Point", "coordinates": [ 330.904650500160415, 191.02528594030116 ] } },
{ "type": "Feature", "properties": { "building_id": 1, "point_id": 44, "floor": 6 }, "geometry": { "type": "Point", "coordinates": [ 318.247734268235774, 190.788681126006196 ] } },
{ "type": "Feature", "properties": { "building_id": 1, "point_id": 45, "floor": 1 }, "geometry": { "type": "Point", "coordinates": [ 303.734638526548963, 192.865502730220783 ] } },
{ "type": "Feature", "properties": { "building_id": 1, "point_id": 46, "floor": 1 }, "geometry": { "type": "Point", "coordinates": [ 322.529216366020592, 187.696664352700878 ] } },
{ "type": "Feature", "properties": { "building_id": 1, "point_id": 47, "floor": 6 }, "geometry": { "type": "Point", "coordinates": [ 299.653925224412831, 194.599230895489484 ] } },
{ "type": "Feature", "properties": { "building_id": 1, "point_id": 48, "floor": 5 }, "geometry": { "type": "Point", "coordinates": [ 300.935587186243708, 196.511396363085026 ] } },
{ "type": "Feature", "properties": { "building_id": 1, "point_id": 49, "floor": 2 }, "geometry": { "type": "Point", "coordinates": [ 306.359508704744314, 187.28460294555677 ] } },
{ "type": "Feature", "properties": { "building_id": 1, "point_id": 50, "floor": 5 }, "geometry": { "type": "Point", "coordinates": [ 312.391672430142421, 194.784496503044664 ] } },
{ "type": "Feature", "properties": { "building_id": 1, "point_id": 51, "floor": 3 }, "geometry": { "type": "Point", "coordinates": [ 321.152683631040247, 193.14070309125043 ] } },
{ "type": "Feature", "properties": { "building_id": 1, "point_id": 52, "floor": 1 }, "geometry": { "type": "Point", "coordinates": [ 304.234688079422142, 190.62375256819729 ] } },
{ "type": "Feature", "properties": { "building_id": 1, "point_id": 53, "floor": 6 }, "geometry": { "type": "Point", "coordinates": [ 320.123015040490259, 192.258396839123435 ] } },
{ "type": "Feature", "properties": { "building_id": 1, "point_id": 54, "floor": 6 }, "geometry": { "type": "Point", "coordinates": [ 299.898201008028479, 196.970063784849515 ] } },
{ "type": "Feature", "properties": { "building_id": 1, "point_id": 55, "floor": 6 }, "geometry": { "type": "Point", "coordinates": [ 298.114251015368495, 188.47284521999174 ] } },
{ "type": "Feature", "properties": { "building_id": 1, "point_id": 56, "floor": 5 }, "geometry": { "type": "Point", "coordinates": [ 323.876895920895606, 196.864349359278521 ] } },
{ "type": "Feature", "properties": { "building_id": 1, "point_id": 57, "floor": 4 }, "geometry": { "type": "Point", "coordinates": [ 308.26716752326513, 192.539511770686488 ] } },
{ "type": "Feature", "properties": { "building_id": 1, "point_id": 58, "floor": 5 }, "geometry": { "type": "Point", "coordinates": [ 301.940333396868937, 190.311922911424944 ] } },
{ "type": "Feature", "properties": { "building_id": 1, "point_id": 59, "floor": 6 }, "geometry": { "type": "Point", "coordinates": [ 316.641346871562348, 192.192366320717014 ] } },
{ "type": "Feature", "properties": { "building_id": 1, "point_id": 60, "floor": 5 }, "geometry": { "type": "Point", "coordinates": [ 328.199339757902692, 187.436446847876027 ] } },
{ "type": "Feature", "properties": { "building_id": 1, "point_id": 61, "floor": 3 }, "geometry": { "type": "Point", "coordinates": [ 329.430517075536102, 195.917216655459868 ] } },
{ "type": "Feature", "properties": { "building_id": 1, "point_id": 62, "floor": 2 }, "geometry": { "type": "Point", "coordinates": [ 335.724368949598215, 193.849450905854411 ] } },
{ "type": "Feature", "properties": { "building_id": 1, "point_id": 63, "floor": 6 }, "geometry": { "type": "Point", "coordinates": [ 312.009417471935308, 188.677043518330777 ] } },
{ "type": "Feature", "properties": { "building_id": 1, "point_id": 64, "floor": 4 }, "geometry": { "type": "Point", "coordinates": [ 335.282089114129519, 187.569483920963052 ] } },
{ "type": "Feature", "properties": { "building_id": 1, "point_id": 65, "floor": 2 }, "geometry": { "type": "Point", "coordinates": [ 304.522031605143752, 198.66428393884155 ] } },
{ "type": "Feature", "properties": { "building_id": 1, "point_id": 66, "floor": 1 }, "geometry": { "type": "Point", "coordinates": [ 330.698212724176017, 187.718290374095659 ] } },
{ "type": "Feature", "properties": { "building_id": 1, "point_id": 67, "floor": 2 }, "geometry": { "type": "Point", "coordinates": [ 312.526430776029031, 186.833835335980183 ] } },
{ "type": "Feature", "properties": { "building_id": 1, "point_id": 68, "floor": 2 }, "geometry": { "type": "Point", "coordinates": [ 308.881821640508861, 193.467176947010728 ] } },
{ "type": "Feature", "properties": { "building_id": 1, "point_id": 69, "floor": 1 }, "geometry": { "type": "Point", "coordinates": [ 337.57653678322356, 189.931450040068 ] } },
{ "type": "Feature", "properties": { "building_id": 1, "point_id": 70, "floor": 3 }, "geometry": { "type": "Point", "coordinates": [ 324.433934870388384, 193.941481617390394 ] } },
{ "type": "Feature", "properties": { "building_id": 1, "point_id": 71, "floor": 5 }, "geometry": { "type": "Point", "coordinates": [ 317.631631647788254, 198.932401886687131 ] } },
{ "type": "Feature", "properties": { "building_id": 1, "point_id": 72, "floor": 4 }, "geometry": { "type": "Point", "coordinates": [ 329.106149456759113, 196.815117178396946 ] } },
{ "type": "Feature", "properties": { "building_id": 1, "point_id": 73, "floor": 1 }, "geometry": { "type": "Point", "coordinates": [ 324.812355252845123, 195.406180845625101 ] } },
{ "type": "Feature", "properties": { "building_id": 1, "point_id": 74, "floor": 6 }, "geometry": { "type": "Point", "coordinates": [ 314.548635559353272, 198.010366086141119 ] } },
{ "type": "Feature", "properties": { "building_id": 1, "point_id": 75, "floor": 6 }, "geometry": { "type": "Point", "coordinates": [ 323.768583150064103, 191.952094512618686 ] } },
{ "type": "Feature", "properties": { "building_id": 1, "point_id": 76, "floor": 2 }, "geometry": { "type": "Point", "coordinates": [ 334.258501926920701, 195.247130866161967 ] } },
{ "type": "Feature", "properties": { "building_id": 1, "point_id": 77, "floor": 2 }, "geometry": { "type": "Point", "coordinates": [ 311.002755472124761, 196.984242381043174 ] } },
{ "type": "Feature", "properties": { "building_id": 1, "point_id": 78, "floor": 1 }, "geometry": { "type": "Point", "coordinates": [ 333.902808352482339, 197.226195302231872 ] } },
{ "type": "Feature", "properties": { "building_id": 1, "point_id": 79, "floor": 6 }, "geometry": { "type": "Point", "coordinates": [ 328.710268330318343, 195.327447251772753 ] } },
{ "type": "Feature", "properties": { "building_id": 1, "point_id": 80, "floor": 3 }, "geometry": { "type": "Point", "coordinates": [ 335.932692621328613, 194.390768876654988 ] } },
{ "type": "Feature", "properties": { "building_id": 1, "point_id": 81, "floor": 2 }, "geometry": { "type": "Point", "coordinates": [ 320.022177223922881, 188.905964152753057 ] } },
{ "type": "Feature", "properties": { "building_id": 1, "point_id": 82, "floor": 6 }, "geometry": { "type": "Point", "coordinates": [ 332.093478552946181, 192.06328083283546 ] } },
{ "type": "Feature", "properties": { "building_id": 1, "point_id": 83, "floor": 3 }, "geometry": { "type": "Point", "coordinates": [ 307.921835193896072, 197.380443907662965 ] } },
{ "type": "Feature", "properties": { "building_id": 1, "point_id": 84, "floor": 1 }, "geometry": { "type": "Point", "coordinates": [ 316.790930204486472, 194.939475120665094 ] } },
{ "type": "Feature", "properties": { "building_id": 1, "point_id": 85, "floor": 2 }, "geometry": { "type": "Point", "coordinates": [ 323.194070697087, 195.436305628243616 ] } },
{ "type": "Feature", "properties": { "building_id": 1, "point_id": 86, "floor": 1 }, "geometry": { "type": "Point", "coordinates": [ 302.193276902793684, 192.694184322772088 ] } },
{ "type": "Feature", "properties": { "building_id": 1, "point_id": 87, "floor": 6 }, "geometry": { "type": "Point", "coordinates": [ 298.407439717069167, 189.82949255454443 ] } },
{ "type": "Feature", "properties": { "building_id": 1, "point_id": 88, "floor": 4 }, "geometry": { "type": "Point", "coordinates": [ 300.183630695017541, 197.650199155459831 ] } },
{ "type": "Feature", "properties": { "building_id": 1, "point_id": 89, "floor": 2 }, "geometry": { "type": "Point", "coordinates": [ 302.856619554335339, 195.452000922717559 ] } },
{ "type": "Feature", "properties": { "building_id": 1, "point_id": 90, "floor": 1 }, "geometry": { "type": "Point", "coordinates": [ 320.190855225356131, 192.062238755964273 ] } },
{ "type": "Feature", "properties": { "building_id": 1, "point_id": 91, "floor": 5 }, "geometry": { "type": "Point", "coordinates": [ 303.794136309739599, 191.435404127803793 ] } },
{ "type": "Feature", "properties": { "building_id": 1, "point_id": 92, "floor": 1 }, "geometry": { "type": "Point", "coordinates": [ 309.440446190798468, 192.057542010214149 ] } },
{ "type": "Feature", "properties": { "building_id": 1, "point_id": 93, "floor": 1 }, "geometry": { "type": "Point", "coordinates": [ 320.909833993498637, 192.607891233340098 ] } },
{ "type": "Feature", "properties": { "building_id": 1, "point_id": 94, "floor": 2 }, "geometry": { "type": "Point", "coordinates": [ 298.192487864879524, 197.102698901413419 ] } },
{ "type": "Feature", "properties": { "building_id": 1, "point_id": 95, "floor": 3 }, "geometry": { "type": "Point", "coordinates": [ 332.691159585474054, 188.217106705724348 ] } },
{ "type": "Feature", "properties": { "building_id": 1, "point_id": 96, "floor": 3 }, "geometry": { "type": "Point", "coordinates": [ 310.219303210964199, 187.759057750760462 ] } },
{ "type": "Feature", "properties": { "building_id": 1, "point_id": 97, "floor": 1 }, "geometry": { "type": "Point", "coordinates": [ 317.263521991397681, 193.62701937974947 ] } },
{ "type": "Feature", "properties": { "building_id": 1, "point_id": 98, "floor": 4 }, "geometry": { "type": "Point", "coordinates": [ 328.396620005346506, 191.728765039399121 ] } },
{ "type": "Feature", "properties": { "building_id": 1, "point_id": 99, "floor": 6 }, "geometry": { "type": "Point", "coordinates": [ 301.159800661150371, 197.006634369799173 ] } },
{ "type": "Feature", "properties": { "building_id": 1, "point_id": 100, "floor": 5 }, "geometry": { "type": "Point", "coordinates": [ 306.769935924305742, 188.234269740328585 ] } },
{ "type": "Feature", "properties": { "building_id": 1, "point_id": 101, "floor": 3 }, "geometry": { "type": "Point", "coordinates": [ 337.052775988697817, 196.060414065910862 ] } },
{ "type": "Feature", "properties": { "building_id": 1, "point_id": 102, "floor": 3 }, "geometry": { "type": "Point", "coordinates": [ 307.855885471561692, 186.585502095596553 ] } },
{ "type": "Feature", "properties": { "building_id": 1, "point_id": 103, "floor": 4 }, "geometry": { "type": "Point", "coordinates": [ 328.080338832206621, 186.720154628684526 ] } },
{ "type": "Feature", "properties": { "building_id": 1, "point_id": 104, "floor": 3 }, "geometry": { "type": "Point", "coordinates": [ 302.559084271682195, 195.246855932810831 ] } },
{ "type": "Feature", "properties": { "building_id": 1, "point_id": 105, "floor": 2 }, "geometry": { "type": "Point", "coordinates": [ 298.113026066222858, 192.659159433820491 ] } },
{ "type": "Feature", "properties": { "building_id": 1, "point_id": 106, "floor": 6 }, "geometry": { "type": "Point", "coordinates": [ 333.417042472138121, 192.546008410239693 ] } },
{ "type": "Feature", "properties": { "building_id": 1, "point_id": 107, "floor": 4 }, "geometry": { "type": "Point", "coordinates": [ 306.815224536475569, 189.323909019877021 ] } },
{ "type": "Feature", "properties": { "building_id": 1, "point_id": 108, "floor": 4 }, "geometry": { "type": "Point", "coordinates": [ 314.446822180423851, 196.954964217006022 ] } },
{ "type": "Feature", "properties": { "building_id": 1, "point_id": 109, "floor": 2 }, "geometry": { "type": "Point", "coordinates": [ 304.603597147874837, 194.580524690146063 ] } },
{ "type": "Feature", "properties": { "building_id": 1, "point_id": 110, "floor": 4 }, "geometry": { "type": "Point", "coordinates": [ 318.926857521378736, 191.315184308977138 ] } },
{ "type": "Feature", "properties": { "building_id": 1, "point_id": 111, "floor": 2 }, "geometry": { "type": "Point", "coordinates": [ 323.371629412990387, 192.626451336370536 ] } },
{ "type": "Feature", "properties": { "building_id": 1, "point_id": 112, "floor": 1 }, "geometry": { "type": "Point", "coordinates": [ 328.864121783869791, 193.280624592706403 ] } },
{ "type": "Feature", "properties": { "building_id": 1, "point_id": 113, "floor": 4 }, "geometry": { "type": "Point", "coordinates": [ 323.164995848179956, 197.988647952345787 ] } },
{ "type": "Feature", "properties": { "building_id": 1, "point_id": 114, "floor": 4 }, "geometry": { "type": "Point", "coordinates": [ 301.304063806237423, 196.306572230858194 ] } },
{ "type": "Feature", "properties": { "building_id": 1, "point_id": 115, "floor": 2 }, "geometry": { "type": "Point", "coordinates": [ 329.533656517576446, 187.064269151767377 ] } },
{ "type": "Feature", "properties": { "building_id": 1, "point_id": 116, "floor": 5 }, "geometry": { "type": "Point", "coordinates": [ 297.741383877074497, 188.454115586416037 ] } },
{ "type": "Feature", "properties": { "building_id": 1, "point_id": 117, "floor": 4 }, "geometry": { "type": "Point", "coordinates": [ 334.114831946848085, 187.572400510777527 ] } },
{ "type": "Feature", "properties": { "building_id": 1, "point_id": 118, "floor": 1 }, "geometry": { "type": "Point", "coordinates": [ 302.694786090882474, 195.334523738856404 ] } },
{ "type": "Feature", "properties": { "building_id": 1, "point_id": 119, "floor": 6 }, "geometry": { "type": "Point", "coordinates": [ 334.518801161605495, 193.400222016855679 ] } },
{ "type": "Feature", "properties": { "building_id": 1, "point_id": 120, "floor": 4 }, "geometry": { "type": "Point", "coordinates": [ 315.431481825624132, 189.265899689449554 ] } },
{ "type": "Feature", "properties": { "building_id": 1, "point_id": 121, "floor": 3 }, "geometry": { "type": "Point", "coordinates": [ 335.566618257287132, 195.7257995384835 ] } },
{ "type": "Feature", "properties": { "building_id": 1, "point_id": 122, "floor": 4 }, "geometry": { "type": "Point", "coordinates": [ 306.588359934910955, 198.134460690934674 ] } },
{ "type": "Feature", "properties": { "building_id": 1, "point_id": 123, "floor": 5 }, "geometry": { "type": "Point", "coordinates": [ 326.234099069705337, 193.109287203823271 ] } },
{ "type": "Feature", "properties": { "building_id": 1, "point_id": 124, "floor": 1 }, "geometry": { "type": "Point", "coordinates": [ 300.617409224004177, 197.133951988513019 ] } },
{ "type": "Feature", "properties": { "building_id": 1, "point_id": 125, "floor": 6 }, "geometry": { "type": "Point", "coordinates": [ 307.820141256887496, 190.253808270171191 ] } },
{ "type": "Feature", "properties": { "building_id": 1, "point_id": 126, "floor": 5 }, "geometry": { "type": "Point", "coordinates": [ 320.609931466358319, 187.866084627974317 ] } },
{ "type": "Feature", "properties": { "building_id": 1, "point_id": 127, "floor": 5 }, "geometry": { "type": "Point", "coordinates": [ 299.323482906468485, 189.136756722579378 ] } },
{ "type": "Feature", "properties": { "building_id": 1, "point_id": 128, "floor": 4 }, "geometry": { "type": "Point", "coordinates": [ 310.271356934043183, 192.726222886981702 ] } },
{ "type": "Feature", "properties": { "building_id": 1, "point_id": 129, "floor": 1 }, "geometry": { "type": "Point", "coordinates": [ 316.699068880709319, 191.192723083690993 ] } },
{ "type": "Feature", "properties": { "building_id": 1, "point_id": 130, "floor": 3 }, "geometry": { "type": "Point", "coordinates": [ 298.370847160552785, 191.23918845292755 ] } },
{ "type": "Feature", "properties": { "building_id": 1, "point_id": 131, "floor": 2 }, "geometry": { "type": "Point", "coordinates": [ 314.253498631895525, 198.74460105423924 ] } },
{ "type": "Feature", "properties": { "building_id": 1, "point_id": 132, "floor": 3 }, "geometry": { "type": "Point", "coordinates": [ 298.498117295291081, 189.548590561695903 ] } },
{ "type": "Feature", "properties": { "building_id": 1, "point_id": 133, "floor": 6 }, "geometry": { "type": "Point", "coordinates": [ 336.113071227963815, 196.017355435439526 ] } },
{ "type": "Feature", "properties": { "building_id": 1, "point_id": 134, "floor": 3 }, "geometry": { "type": "Point", "coordinates": [ 325.775010654689652, 187.678999793797971 ] } },
{ "type": "Feature", "properties": { "building_id": 1, "point_id": 135, "floor": 2 }, "geometry": { "type": "Point", "coordinates": [ 335.752210927558053, 197.354790599519959 ] } },
{ "type": "Feature", "properties": { "building_id": 1, "point_id": 136, "floor": 4 }, "geometry": { "type": "Point", "coordinates": [ 302.538965356334302, 188.291950019552644 ] } },
{ "type": "Feature", "properties": { "building_id": 1, "point_id": 137, "floor": 2 }, "geometry": { "type": "Point", "coordinates": [ 306.911804893059696, 198.354420092147336 ] } },
{ "type": "Feature", "properties": { "building_id": 1, "point_id": 138, "floor": 4 }, "geometry": { "type": "Point", "coordinates": [ 310.374597506808698, 190.239447756233261 ] } },
{ "type": "Feature", "properties": { "building_id": 1, "point_id": 139, "floor": 4 }, "geometry": { "type": "Point", "coordinates": [ 335.787011542547191, 194.996878434674869 ] } },
{ "type": "Feature", "properties": { "building_id": 1, "point_id": 140, "floor": 4 }, "geometry": { "type": "Point", "coordinates": [ 329.216868738000755, 189.497785053703041 ] } },
{ "type": "Feature", "properties": { "building_id": 1, "point_id": 141, "floor": 2 }, "geometry": { "type": "Point", "coordinates": [ 334.347371226405187, 193.134931757055739 ] } },
{ "type": "Feature", "properties": { "building_id": 1, "point_id": 142, "floor": 3 }, "geometry": { "type": "Point", "coordinates": [ 326.243618293639145, 197.794644809945254 ] } },
{ "type": "Feature", "properties": { "building_id": 1, "point_id": 143, "floor": 4 }, "geometry": { "type": "Point", "coordinates": [ 306.398155171328256, 195.246177404806474 ] } },
{ "type": "Feature", "properties": { "building_id": 1, "point_id": 144, "floor": 5 }, "geometry": { "type": "Point", "coordinates": [ 332.076157176072286, 194.111218402923328 ] } },
{ "type": "Feature", "properties": { "building_id": 1, "point_id": 145, "floor": 6 }, "geometry": { "type": "Point", "coordinates": [ 327.022098083719925, 191.830282104579794 ] } },
{ "type": "Feature", "properties": { "building_id": 1, "point_id": 146, "floor": 5 }, "geometry": { "type": "Point", "coordinates": [ 326.890168719426583, 194.582791235035728 ] } },
{ "type": "Feature", "properties": { "building_id": 1, "point_id": 147, "floor": 2 }, "geometry": { "type": "Point", "coordinates": [ 328.672731972974873, 188.839446814226221 ] } },
{ "type": "Feature", "properties": { "building_id": 1, "point_id": 148, "floor": 6 }, "geometry": { "type": "Point", "coordinates": [ 330.994138708526805, 196.406730229163543 ] } },
{ "type": "Feature", "properties": { "building_id": 1, "point_id": 149, "floor": 4 }, "geometry": { "type": "Point", "coordinates": [ 308.392662431312544, 193.081247783446543 ] } },
{ "type": "Feature", "properties": { "building_id": 1, "point_id": 150, "floor": 6 }, "geometry": { "type": "Point", "coordinates": [ 319.162560711324829, 196.854715267417362 ] } },
{ "type": "Feature", "properties": { "building_id": 1, "point_id": 151, "floor": 6 }, "geometry": { "type": "Point", "coordinates": [ 301.624316425091308, 195.994419678138797 ] } },
{ "type": "Feature", "properties": { "building_id": 1, "point_id": 152, "floor": 5 }, "geometry": { "type": "Point", "coordinates": [ 318.860110889015402, 187.303335703887257 ] } },
{ "type": "Feature", "properties": { "building_id": 1, "point_id": 153, "floor": 6 }, "geometry": { "type": "Point", "coordinates": [ 313.55365678333203, 192.646040788097963 ] } },
{ "type": "Feature", "properties": { "building_id": 1, "point_id": 154, "floor": 2 }, "geometry": { "type": "Point", "coordinates": [ 334.382922976113264, 191.383544481585204 ] } },
{ "type": "Feature", "properties": { "building_id": 1, "point_id": 155, "floor": 6 }, "geometry": { "type": "Point", "coordinates": [ 313.813489540081321, 190.5589286805847 ] } },
{ "type": "Feature", "properties": { "building_id": 1, "point_id": 156, "floor": 4 }, "geometry": { "type": "Point", "coordinates": [ 320.828743629157827, 189.794174424677635 ] } },
{ "type": "Feature", "properties": { "building_id": 1, "point_id": 157, "floor": 3 }, "geometry": { "type": "Point", "coordinates": [ 326.731032338597174, 198.356851305923669 ] } },
{ "type": "Feature", "properties": { "building_id": 1, "point_id": 158, "floor": 2 }, "geometry": { "type": "Point", "coordinates": [ 311.275499784758836, 194.433230336121284 ] } },
{ "type": "Feature", "properties": { "building_id": 1, "point_id": 159, "floor": 3 }, "geometry": { "type": "Point", "coordinates": [ 306.23836602540473, 190.245557743764095 ] } },
{ "type": "Feature", "properties": { "building_id": 1, "point_id": 160, "floor": 2 }, "geometry": { "type": "Point", "coordinates": [ 329.516899109874998, 192.395728090713561 ] } },
{ "type": "Feature", "properties": { "building_id": 1, "point_id": 161, "floor": 6 }, "geometry": { "type": "Point", "coordinates": [ 303.442425935556571, 193.167027302693157 ] } },
{ "type": "Feature", "properties": { "building_id": 1, "point_id": 162, "floor": 6 }, "geometry": { "type": "Point", "coordinates": [ 303.413379181177788, 191.987363929269208 ] } },
{ "type": "Feature", "properties": { "building_id": 1, "point_id": 163, "floor": 2 }, "geometry": { "type": "Point", "coordinates": [ 301.464857204343161, 187.645629389051038 ] } },
{ "type": "Feature", "properties": { "building_id": 1, "point_id": 164, "floor": 2 }, "geometry": { "type": "Point", "coordinates": [ 299.182553483234528, 188.832206487815 ] } },
{ "type": "Feature", "properties": { "building_id": 1, "point_id": 165, "floor": 3 }, "geometry": { "type": "Point", "coordinates": [ 317.060511569434937, 186.653942919547575 ] } },
{ "type": "Feature", "properties": { "building_id": 1, "point_id": 166, "floor": 2 }, "geometry": { "type": "Point", "coordinates": [ 317.357224044892007, 190.879923987445892 ] } },
{ "type": "Feature", "properties": { "building_id": 1, "point_id": 167, "floor": 5 }, "geometry": { "type": "Point", "coordinates": [ 307.867945968844367, 186.782515766401303 ] } },
{ "type": "Feature", "properties": { "building_id": 1, "point_id": 168, "floor": 4 }, "geometry": { "type": "Point", "coordinates": [ 302.619791077021205, 192.963992645510729 ] } },
{ "type": "Feature", "properties": { "building_id": 1, "point_id": 169, "floor": 6 }, "geometry": { "type": "Point", "coordinates": [ 304.843613970874571, 192.536505444848729 ] } },
{ "type": "Feature", "properties": { "building_id": 1, "point_id": 170, "floor": 4 }, "geometry": { "type": "Point", "coordinates": [ 309.088448285561867, 192.786311883489134 ] } },
{ "type": "Feature", "properties": { "building_id": 1, "point_id": 171, "floor": 3 }, "geometry": { "type": "Point", "coordinates": [ 333.873740716031193, 186.380481766915125 ] } },
{ "type": "Feature", "properties": { "building_id": 1, "point_id": 172, "floor": 6 }, "geometry": { "type": "Point", "coordinates": [ 303.765375210519665, 193.492397809577142 ] } },
{ "type": "Feature", "properties": { "building_id": 1, "point_id": 173, "floor": 3 }, "geometry": { "type": "Point", "coordinates": [ 311.644623225251109, 193.562771120668174 ] } },
{ "type": "Feature", "properties": { "building_id": 1, "point_id": 174, "floor": 4 }, "geometry": { "type": "Point", "coordinates": [ 317.357972535912893, 187.787298694931224 ] } },
{ "type": "Feature", "properties": { "building_id": 1, "point_id": 175, "floor": 5 }, "geometry": { "type": "Point", "coordinates": [ 308.411477502088303, 187.626493686189434 ] } },
{ "type": "Feature", "properties": { "building_id": 1, "point_id": 176, "floor": 1 }, "geometry": { "type": "Point", "coordinates": [ 305.571838268409351, 190.35079862777377 ] } },
{ "type": "Feature", "properties": { "building_id": 1, "point_id": 177, "floor": 3 }, "geometry": { "type": "Point", "coordinates": [ 336.237139885777935, 189.569474052877098 ] } },
{ "type": "Feature", "properties": { "building_id": 1, "point_id": 178, "floor": 2 }, "geometry": { "type": "Point", "coordinates": [ 314.987603953202324, 187.973455232953455 ] } },
{ "type": "Feature", "properties": { "building_id": 1, "point_id": 179, "floor": 1 }, "geometry": { "type": "Point", "coordinates": [ 325.756755298933115, 193.577636376266469 ] } },
{ "type": "Feature", "properties": { "building_id": 1, "point_id": 180, "floor": 2 }, "geometry": { "type": "Point", "coordinates": [ 320.614054931716964, 189.915166502280925 ] } },
{ "type": "Feature", "properties": { "building_id": 1, "point_id": 181, "floor": 5 }, "geometry": { "type": "Point", "coordinates": [ 321.125791922964993, 189.903714913918037 ] } },
{ "type": "Feature", "properties": { "building_id": 1, "point_id": 182, "floor": 1 }, "geometry": { "type": "Point", "coordinates": [ 319.479763501026014, 194.715122904172205 ] } },
{ "type": "Feature", "properties": { "building_id": 1, "point_id": 183, "floor": 4 }, "geometry": { "type": "Point", "coordinates": [ 322.728448505456072, 194.235019713017664 ] } },
{ "type": "Feature", "properties": { "building_id": 1, "point_id": 184, "floor": 6 }, "geometry": { "type": "Point", "coordinates": [ 322.677994819666765, 194.910032302034779 ] } },
{ "type": "Feature", "properties": { "building_id": 1, "point_id": 185, "floor": 4 }, "geometry": { "type": "Point", "coordinates": [ 305.612838533352317, 186.603269456363535 ] } },
{ "type": "Feature", "properties": { "building_id": 1, "point_id": 186, "floor": 6 }, "geometry": { "type": "Point", "coordinates": [ 305.503324646971578, 189.113686304991631 ] } },
{ "type": "Feature", "properties": { "building_id": 1, "point_id": 187, "floor": 2 }, "geometry": { "type": "Point", "coordinates": [ 297.633446251160137, 191.71418878432894 ] } },
{ "type": "Feature", "properties": { "building_id": 1, "point_id": 188, "floor": 2 }, "geometry": { "type": "Point", "coordinates": [ 329.398021996797922, 193.555443801366323 ] } },
{ "type": "Feature", "properties": { "building_id": 1, "point_id": 189, "floor": 5 }, "geometry": { "type": "Point", "coordinates": [ 317.341056876010839, 194.127141746183668 ] } },
{ "type": "Feature", "properties": { "building_id": 1, "point_id": 190, "floor": 3 }, "geometry": { "type": "Point", "coordinates": [ 308.220651371860015, 194.82668692214466 ] } },
{ "type": "Feature", "properties": { "building_id": 1, "point_id": 191, "floor": 6 }, "geometry": { "type": "Point", "coordinates": [ 302.546994148046281, 192.066512599937511 ] } },
{ "type": "Feature", "properties": { "building_id": 1, "point_id": 192, "floor": 6 }, "geometry": { "type": "Point", "coordinates": [ 319.434891634593669, 187.667104355735177 ] } },
{ "type": "Feature", "properties": { "building_id": 1, "point_id": 193, "floor": 3 }, "geometry": { "type": "Point", "coordinates": [ 308.28891756796213, 198.047285128259887 ] } },
{ "type": "Feature", "properties": { "building_id": 1, "point_id": 194, "floor": 5 }, "geometry": { "type": "Point", "coordinates": [ 330.531337342502979, 195.314248240724226 ] } },
{ "type": "Feature", "properties": { "building_id": 1, "point_id": 195, "floor": 3 }, "geometry": { "type": "Point", "coordinates": [ 322.300224539779492, 189.356248098687331 ] } },
{ "type": "Feature", "properties": { "building_id": 1, "point_id": 196, "floor": 2 }, "geometry": { "type": "Point", "coordinates": [ 322.794743998819513, 192.529888686293816 ] } },
{ "type": "Feature", "properties": { "building_id": 1, "point_id": 197, "floor": 6 }, "geometry": { "type": "Point", "coordinates": [ 328.291108675737689, 191.309283853579728 ] } },
{ "type": "Feature", "properties": { "building_id": 1, "point_id": 198, "floor": 5 }, "geometry": { "type": "Point", "coordinates": [ 330.961005920073717, 190.615792708575071 ] } },
{ "type": "Feature", "properties": { "building_id": 1, "point_id": 199, "floor": 1 }, "geometry": { "type": "Point", "coordinates": [ 299.551079130359994, 187.589588228503374 ] } },
{ "type": "Feature", "properties": { "building_id": 1, "point_id": 200, "floor": 2 }, "geometry": { "type": "Point", "coordinates": [ 310.381093166808398, 190.131970993889723 ] } },
{ "type": "Feature", "properties": { "building_id": 1, "point_id": 201, "floor": 3 }, "geometry": { "type": "Point", "coordinates": [ 315.197538512715369, 191.156582141777335 ] } },
{ "type": "Feature", "properties": { "building_id": 1, "point_id": 202, "floor": 4 }, "geometry": { "type": "Point", "coordinates": [ 311.107411765443715, 186.830174695606246 ] } },
{ "type": "Feature", "properties": { "building_id": 1, "point_id": 203, "floor": 5 }, "geometry": { "type": "Point", "coordinates": [ 327.344880061556808, 186.519322175927243 ] } },
{ "type": "Feature", "properties": { "building_id": 1, "point_id": 204, "floor": 6 }, "geometry": { "type": "Point", "coordinates": [ 314.978327406497385, 193.647339484370491 ] } },
{ "type": "Feature", "properties": { "building_id": 1, "point_id": 205, "floor": 1 }, "geometry": { "type": "Point", "coordinates": [ 337.519302482591115, 196.882766791626636 ] } },
{ "type": "Feature", "properties": { "building_id": 1, "point_id": 206, "floor": 2 }, "geometry": { "type": "Point", "coordinates": [ 298.50634659028384, 196.715853975357106 ] } },
{ "type": "Feature", "properties": { "building_id": 1, "point_id": 207, "floor": 1 }, "geometry": { "type": "Point", "coordinates": [ 313.587608783525013, 194.730007177434743 ] } },
{ "type": "Feature", "properties": { "building_id": 1, "point_id": 208, "floor": 5 }, "geometry": { "type": "Point", "coordinates": [ 302.980667952464728, 196.95618295929404 ] } },
{ "type": "Feature", "properties": { "building_id": 1, "point_id": 209, "floor": 4 }, "geometry": { "type": "Point", "coordinates": [ 329.185949102590598, 194.886309527664196 ] } },
{ "type": "Feature", "properties": { "building_id": 1, "point_id": 210, "floor": 6 }, "geometry": { "type": "Point", "coordinates": [ 315.811885662414568, 187.55555037528228 ] } },
{ "type": "Feature", "properties": { "building_id": 1, "point_id": 211, "floor": 4 }, "geometry": { "type": "Point", "coordinates": [ 317.815277310903355, 197.067581403796794 ] } },
{ "type": "Feature", "properties": { "building_id": 1, "point_id": 212, "floor": 1 }, "geometry": { "type": "Point", "coordinates": [ 320.474138750322084, 188.719568901593732 ] } },
{ "type": "Feature", "properties": { "building_id": 1, "point_id": 213, "floor": 5 }, "geometry": { "type": "Point", "coordinates": [ 313.458698942858121, 189.827654650381334 ] } },
{ "type": "Feature", "properties": { "building_id": 1, "point_id": 214, "floor": 3 }, "geometry": { "type": "Point", "coordinates": [ 333.840722131341067, 195.562216384426591 ] } },
{ "type": "Feature", "properties": { "building_id": 1, "point_id": 215, "floor": 5 }, "geometry": { "type": "Point", "coordinates": [ 331.895404436022659, 189.90832225197002 ] } },
{ "type": "Feature", "properties": { "building_id": 1, "point_id": 216, "floor": 4 }, "geometry": { "type": "Point", "coordinates": [ 312.188486543511942, 194.408400600796739 ] } },
{ "type": "Feature", "properties": { "building_id": 1, "point_id": 217, "floor": 2 }, "geometry": { "type": "Point", "coordinates": [ 310.598350621723341, 195.001813749268393 ] } },
{ "type": "Feature", "properties": { "building_id": 1, "point_id": 218, "floor": 2 }, "geometry": { "type": "Point", "coordinates": [ 307.195231152810209, 198.407723804829573 ] } },
{ "type": "Feature", "properties": { "building_id": 1, "point_id": 219, "floor": 3 }, "geometry": { "type": "Point", "coordinates": [ 314.000824822797313, 198.960312010433427 ] } },
{ "type": "Feature", "properties": { "building_id": 1, "point_id": 220, "floor": 5 }, "geometry": { "type": "Point", "coordinates": [ 332.666925937300505, 189.140033378363512 ] } },
{ "type": "Feature", "properties": { "building_id": 1, "point_id": 221, "floor": 4 }, "geometry": { "type": "Point", "coordinates": [ 337.299752303770561, 193.512355934482486 ] } },
{ "type": "Feature", "properties": { "building_id": 2, "point_id": 0, "floor": 4 }, "geometry": { "type": "Point", "coordinates": [ 333.874576084699072, 285.937874927696669 ] } },
{ "type": "Feature", "properties": { "building_id": 2, "point_id": 1, "floor": 1 }, "geometry": { "type": "Point", "coordinates": [ 313.017836365165977, 276.006625370546658 ] } },
{ "type": "Feature", "properties": { "building_id": 2, "point_id": 2, "floor": 1 }, "geometry": { "type": "Point", "coordinates": [ 310.098669467585182, 276.040883456616996 ] } },
{ "type": "Feature", "properties": { "building_id": 2, "point_id": 3, "floor": 2 }, "geometry": { "type": "Point", "coordinates": [ 327.5081045454491, 283.839124299540913 ] } },
{ "type": "Feature", "properties": { "building_id": 2, "point_id": 4, "floor": 4 }, "geometry": { "type": "Point", "coordinates": [ 303.781158614695585, 275.621759056249118 ] } },
{ "type": "Feature", "properties": { "building_id": 2, "point_id": 5, "floor": 3 }, "geometry": { "type": "Point", "coordinates": [ 327.598460224645237, 285.029337015175827 ] } },
{ "type": "Feature", "properties": { "building_id": 2, "point_id": 6, "floor": 4 }, "geometry": { "type": "Point", "coordinates": [ 317.092850407047536, 282.358201518967405 ] } },
{ "type": "Feature", "properties": { "building_id": 2, "point_id": 7, "floor": 2 }, "geometry": { "type": "Point", "coordinates": [ 304.030327141287671, 276.400624836861198 ] } },
{ "type": "Feature", "properties": { "building_id": 2, "point_id": 8, "floor": 6 }, "geometry": { "type": "Point", "coordinates": [ 317.025851489198885, 276.918760005055617 ] } },
{ "type": "Feature", "properties": { "building_id": 2, "point_id": 9, "floor": 3 }, "geometry": { "type": "Point", "coordinates": [ 325.307335915556962, 277.78544350863308 ] } },
{ "type": "Feature", "properties": { "building_id": 2, "point_id": 10, "floor": 6 }, "geometry": { "type": "Point", "coordinates": [ 307.635285042261273, 274.588354327654883 ] } },
{ "type": "Feature", "properties": { "building_id": 2, "point_id": 11, "floor": 1 }, "geometry": { "type": "Point", "coordinates": [ 300.238597612675733, 282.876915446906651 ] } },
{ "type": "Feature", "properties": { "building_id": 2, "point_id": 12, "floor": 1 }, "geometry": { "type": "Point", "coordinates": [ 331.060988638526453, 283.302537518176337 ] } },
{ "type": "Feature", "properties": { "building_id": 2, "point_id": 13, "floor": 4 }, "geometry": { "type": "Point", "coordinates": [ 321.131758328256808, 281.466414337859021 ] } },
{ "type": "Feature", "properties": { "building_id": 2, "point_id": 14, "floor": 2 }, "geometry": { "type": "Point", "coordinates": [ 302.517082128793675, 274.791714694921154 ] } },
{ "type": "Feature", "properties": { "building_id": 2, "point_id": 15, "floor": 2 }, "geometry": { "type": "Point", "coordinates": [ 301.479553859586645, 280.347235224394808 ] } },
{ "type": "Feature", "properties": { "building_id": 2, "point_id": 16, "floor": 1 }, "geometry": { "type": "Point", "coordinates": [ 334.834369969893999, 276.725826400712435 ] } },
{ "type": "Feature", "properties": { "building_id": 2, "point_id": 17, "floor": 2 }, "geometry": { "type": "Point", "coordinates": [ 304.949065578429213, 285.402000657567442 ] } },
{ "type": "Feature", "properties": { "building_id": 2, "point_id": 18, "floor": 1 }, "geometry": { "type": "Point", "coordinates": [ 318.693425099699482, 277.050387269166038 ] } },
{ "type": "Feature", "properties": { "building_id": 2, "point_id": 19, "floor": 6 }, "geometry": { "type": "Point", "coordinates": [ 331.06686295594551, 277.622016602209442 ] } },
{ "type": "Feature", "properties": { "building_id": 2, "point_id": 20, "floor": 3 }, "geometry": { "type": "Point", "coordinates": [ 333.325452574969745, 283.1554924881479 ] } },
{ "type": "Feature", "properties": { "building_id": 2, "point_id": 21, "floor": 3 }, "geometry": { "type": "Point", "coordinates": [ 321.38953754663271, 281.350828936445339 ] } },
{ "type": "Feature", "properties": { "building_id": 2, "point_id": 22, "floor": 1 }, "geometry": { "type": "Point", "coordinates": [ 306.672769884215086, 275.912160928773972 ] } },
{ "type": "Feature", "properties": { "building_id": 2, "point_id": 23, "floor": 5 }, "geometry": { "type": "Point", "coordinates": [ 333.615277399281013, 280.718573896794226 ] } },
{ "type": "Feature", "properties": { "building_id": 2, "point_id": 24, "floor": 4 }, "geometry": { "type": "Point", "coordinates": [ 336.893375529903835, 283.485766179268865 ] } },
{ "type": "Feature", "properties": { "building_id": 2, "point_id": 25, "floor": 4 }, "geometry": { "type": "Point", "coordinates": [ 325.958033372904197, 279.054532982423268 ] } },
{ "type": "Feature", "properties": { "building_id": 2, "point_id": 26, "floor": 2 }, "geometry": { "type": "Point", "coordinates": [ 315.671101004035336, 277.207469581705254 ] } },
{ "type": "Feature", "properties": { "building_id": 2, "point_id": 27, "floor": 1 }, "geometry": { "type": "Point", "coordinates": [ 323.597565969736763, 283.528755306465314 ] } },
{ "type": "Feature", "properties": { "building_id": 2, "point_id": 28, "floor": 5 }, "geometry": { "type": "Point", "coordinates": [ 305.261000010680505, 285.553343965766146 ] } },
{ "type": "Feature", "properties": { "building_id": 2, "point_id": 29, "floor": 1 }, "geometry": { "type": "Point", "coordinates": [ 330.657086813076376, 285.137246873029824 ] } },
{ "type": "Feature", "properties": { "building_id": 2, "point_id": 30, "floor": 4 }, "geometry": { "type": "Point", "coordinates": [ 325.009920072012733, 275.225179175395624 ] } },
{ "type": "Feature", "properties": { "building_id": 2, "point_id": 31, "floor": 4 }, "geometry": { "type": "Point", "coordinates": [ 330.95409167567334, 278.73038455505133 ] } },
{ "type": "Feature", "properties": { "building_id": 2, "point_id": 32, "floor": 2 }, "geometry": { "type": "Point", "coordinates": [ 314.133052276206342, 278.86770229640149 ] } },
{ "type": "Feature", "properties": { "building_id": 2, "point_id": 33, "floor": 5 }, "geometry": { "type": "Point", "coordinates": [ 305.893262113907838, 282.599859958080287 ] } },
{ "type": "Feature", "properties": { "building_id": 2, "point_id": 34, "floor": 4 }, "geometry": { "type": "Point", "coordinates": [ 333.923182531586406, 281.048344209865434 ] } },
{ "type": "Feature", "properties": { "building_id": 2, "point_id": 35, "floor": 2 }, "geometry": { "type": "Point", "coordinates": [ 308.404669668571159, 285.624642295540184 ] } },
{ "type": "Feature", "properties": { "building_id": 2, "point_id": 36, "floor": 5 }, "geometry": { "type": "Point", "coordinates": [ 324.653607199416115, 276.68075933859717 ] } },
{ "type": "Feature", "properties": { "building_id": 2, "point_id": 37, "floor": 3 }, "geometry": { "type": "Point", "coordinates": [ 320.626250263178008, 282.767410267869025 ] } },
{ "type": "Feature", "properties": { "building_id": 2, "point_id": 38, "floor": 2 }, "geometry": { "type": "Point", "coordinates": [ 327.529497362791631, 277.514626481542336 ] } },
{ "type": "Feature", "properties": { "building_id": 2, "point_id": 39, "floor": 5 }, "geometry": { "type": "Point", "coordinates": [ 333.153215510549956, 277.226025832672065 ] } },
{ "type": "Feature", "properties": { "building_id": 2, "point_id": 40, "floor": 2 }, "geometry": { "type": "Point", "coordinates": [ 332.08683878275383, 278.80764374572351 ] } },
{ "type": "Feature", "properties": { "building_id": 2, "point_id": 41, "floor": 5 }, "geometry": { "type": "Point", "coordinates": [ 306.52619420395547, 285.97372103471929 ] } },
{ "type": "Feature", "properties": { "building_id": 2, "point_id": 42, "floor": 3 }, "geometry": { "type": "Point", "coordinates": [ 321.97551290238215, 282.2233852368322 ] } },
{ "type": "Feature", "properties": { "building_id": 2, "point_id": 43, "floor": 6 }, "geometry": { "type": "Point", "coordinates": [ 326.568252911941954, 275.26012099601661 ] } },
{ "type": "Feature", "properties": { "building_id": 2, "point_id": 44, "floor": 6 }, "geometry": { "type": "Point", "coordinates": [ 333.041520009090334, 281.82149061348764 ] } },
{ "type": "Feature", "properties": { "building_id": 2, "point_id": 45, "floor": 3 }, "geometry": { "type": "Point", "coordinates": [ 323.161474274214129, 286.470362497036945 ] } },
{ "type": "Feature", "properties": { "building_id": 2, "point_id": 46, "floor": 5 }, "geometry": { "type": "Point", "coordinates": [ 317.263177790279599, 282.552579611292401 ] } },
{ "type": "Feature", "properties": { "building_id": 2, "point_id": 47, "floor": 5 }, "geometry": { "type": "Point", "coordinates": [ 333.11431460362229, 283.550692076004339 ] } },
{ "type": "Feature", "properties": { "building_id": 2, "point_id": 48, "floor": 4 }, "geometry": { "type": "Point", "coordinates": [ 308.788560443740096, 277.658122038026931 ] } },
{ "type": "Feature", "properties": { "building_id": 2, "point_id": 49, "floor": 1 }, "geometry": { "type": "Point", "coordinates": [ 324.47970565014532, 280.230231662114761 ] } },
{ "type": "Feature", "properties": { "building_id": 2, "point_id": 50, "floor": 2 }, "geometry": { "type": "Point", "coordinates": [ 328.998223212789242, 283.575685768558401 ] } },
{ "type": "Feature", "properties": { "building_id": 2, "point_id": 51, "floor": 4 }, "geometry": { "type": "Point", "coordinates": [ 333.770507399279495, 284.471436204896406 ] } },
{ "type": "Feature", "properties": { "building_id": 2, "point_id": 52, "floor": 2 }, "geometry": { "type": "Point", "coordinates": [ 326.974814093922873, 276.862572009920086 ] } },
{ "type": "Feature", "properties": { "building_id": 2, "point_id": 53, "floor": 1 }, "geometry": { "type": "Point", "coordinates": [ 331.755954184694588, 278.957794282826228 ] } },
{ "type": "Feature", "properties": { "building_id": 2, "point_id": 54, "floor": 5 }, "geometry": { "type": "Point", "coordinates": [ 335.08363057466039, 274.778863109329961 ] } },
{ "type": "Feature", "properties": { "building_id": 2, "point_id": 55, "floor": 1 }, "geometry": { "type": "Point", "coordinates": [ 329.828779074279055, 285.615948918850677 ] } },
{ "type": "Feature", "properties": { "building_id": 2, "point_id": 56, "floor": 6 }, "geometry": { "type": "Point", "coordinates": [ 303.447642943286837, 280.946702101212281 ] } },
{ "type": "Feature", "properties": { "building_id": 2, "point_id": 57, "floor": 2 }, "geometry": { "type": "Point", "coordinates": [ 331.860547752785578, 287.133065074656599 ] } },
{ "type": "Feature", "properties": { "building_id": 2, "point_id": 58, "floor": 4 }, "geometry": { "type": "Point", "coordinates": [ 324.311220384214437, 276.700984423177431 ] } },
{ "type": "Feature", "properties": { "building_id": 2, "point_id": 59, "floor": 2 }, "geometry": { "type": "Point", "coordinates": [ 305.797088440493553, 278.75180581368295 ] } },
{ "type": "Feature", "properties": { "building_id": 2, "point_id": 60, "floor": 6 }, "geometry": { "type": "Point", "coordinates": [ 331.031322939779443, 279.654635167089509 ] } },
{ "type": "Feature", "properties": { "building_id": 2, "point_id": 61, "floor": 6 }, "geometry": { "type": "Point", "coordinates": [ 307.157850585660981, 278.429344050742884 ] } },
{ "type": "Feature", "properties": { "building_id": 2, "point_id": 62, "floor": 1 }, "geometry": { "type": "Point", "coordinates": [ 318.487755517106393, 284.674823835296991 ] } },
{ "type": "Feature", "properties": { "building_id": 2, "point_id": 63, "floor": 5 }, "geometry": { "type": "Point", "coordinates": [ 317.54588583503994, 275.243775005770829 ] } },
{ "type": "Feature", "properties": { "building_id": 2, "point_id": 64, "floor": 1 }, "geometry": { "type": "Point", "coordinates": [ 324.618698386783649, 280.554499228663531 ] } },
{ "type": "Feature", "properties": { "building_id": 2, "point_id": 65, "floor": 4 }, "geometry": { "type": "Point", "coordinates": [ 315.547526092991006, 277.175244030970248 ] } },
{ "type": "Feature", "properties": { "building_id": 2, "point_id": 66, "floor": 4 }, "geometry": { "type": "Point", "coordinates": [ 329.635487740854273, 276.587847539861116 ] } },
{ "type": "Feature", "properties": { "building_id": 2, "point_id": 67, "floor": 2 }, "geometry": { "type": "Point", "coordinates": [ 328.704478292664419, 276.602896835373031 ] } },
{ "type": "Feature", "properties": { "building_id": 2, "point_id": 68, "floor": 1 }, "geometry": { "type": "Point", "coordinates": [ 320.05819674729986, 281.392302768439947 ] } },
{ "type": "Feature", "properties": { "building_id": 2, "point_id": 69, "floor": 4 }, "geometry": { "type": "Point", "coordinates": [ 302.778633711211171, 280.011885456239213 ] } },
{ "type": "Feature", "properties": { "building_id": 2, "point_id": 70, "floor": 4 }, "geometry": { "type": "Point", "coordinates": [ 332.683423797093837, 277.826342162720323 ] } },
{ "type": "Feature", "properties": { "building_id": 2, "point_id": 71, "floor": 3 }, "geometry": { "type": "Point", "coordinates": [ 310.322935160117368, 277.068145598731462 ] } },
{ "type": "Feature", "properties": { "building_id": 2, "point_id": 72, "floor": 4 }, "geometry": { "type": "Point", "coordinates": [ 333.511871725368565, 275.826477239802898 ] } },
{ "type": "Feature", "properties": { "building_id": 2, "point_id": 73, "floor": 6 }, "geometry": { "type": "Point", "coordinates": [ 329.135140678249513, 280.136323570911088 ] } },
{ "type": "Feature", "properties": { "building_id": 2, "point_id": 74, "floor": 5 }, "geometry": { "type": "Point", "coordinates": [ 306.05111082728456, 278.396740119579363 ] } },
{ "type": "Feature", "properties": { "building_id": 2, "point_id": 75, "floor": 5 }, "geometry": { "type": "Point", "coordinates": [ 332.324556903873486, 283.835378391828783 ] } },
{ "type": "Feature", "properties": { "building_id": 2, "point_id": 76, "floor": 5 }, "geometry": { "type": "Point", "coordinates": [ 315.734658018710547, 274.612616058407411 ] } },
{ "type": "Feature", "properties": { "building_id": 2, "point_id": 77, "floor": 3 }, "geometry": { "type": "Point", "coordinates": [ 309.862731786155393, 279.773339078997367 ] } },
{ "type": "Feature", "properties": { "building_id": 2, "point_id": 78, "floor": 4 }, "geometry": { "type": "Point", "coordinates": [ 337.623930803870053, 279.111099834346135 ] } },
{ "type": "Feature", "properties": { "building_id": 2, "point_id": 79, "floor": 2 }, "geometry": { "type": "Point", "coordinates": [ 331.853528896320483, 274.809450719758786 ] } },
{ "type": "Feature", "properties": { "building_id": 2, "point_id": 80, "floor": 6 }, "geometry": { "type": "Point", "coordinates": [ 324.834936355635421, 277.01181037397447 ] } },
{ "type": "Feature", "properties": { "building_id": 2, "point_id": 81, "floor": 2 }, "geometry": { "type": "Point", "coordinates": [ 307.910665102435246, 277.195004750050032 ] } },
{ "type": "Feature", "properties": { "building_id": 2, "point_id": 82, "floor": 1 }, "geometry": { "type": "Point", "coordinates": [ 332.061755581383125, 279.826933911686808 ] } },
{ "type": "Feature", "properties": { "building_id": 2, "point_id": 83, "floor": 3 }, "geometry": { "type": "Point", "coordinates": [ 307.946965368992892, 285.321437894115945 ] } },
{ "type": "Feature", "properties": { "building_id": 2, "point_id": 84, "floor": 1 }, "geometry": { "type": "Point", "coordinates": [ 316.240395948876426, 274.276505405789521 ] } },
{ "type": "Feature", "properties": { "building_id": 2, "point_id": 85, "floor": 4 }, "geometry": { "type": "Point", "coordinates": [ 337.62728065732631, 278.204523007752869 ] } },
{ "type": "Feature", "properties": { "building_id": 2, "point_id": 86, "floor": 3 }, "geometry": { "type": "Point", "coordinates": [ 334.835402728090685, 285.601484631560083 ] } },
{ "type": "Feature", "properties": { "building_id": 2, "point_id": 87, "floor": 5 }, "geometry": { "type": "Point", "coordinates": [ 324.248208999084909, 280.942806992950409 ] } },
{ "type": "Feature", "properties": { "building_id": 2, "point_id": 88, "floor": 6 }, "geometry": { "type": "Point", "coordinates": [ 306.395931623094441, 274.794983912310443 ] } },
{ "type": "Feature", "properties": { "building_id": 2, "point_id": 89, "floor": 4 }, "geometry": { "type": "Point", "coordinates": [ 336.73388554243104, 280.046886981237208 ] } },
{ "type": "Feature", "properties": { "building_id": 2, "point_id": 90, "floor": 5 }, "geometry": { "type": "Point", "coordinates": [ 319.290300593613665, 274.799332431981725 ] } },
{ "type": "Feature", "properties": { "building_id": 2, "point_id": 91, "floor": 2 }, "geometry": { "type": "Point", "coordinates": [ 304.359721866562438, 279.793617976398593 ] } },
{ "type": "Feature", "properties": { "building_id": 2, "point_id": 92, "floor": 1 }, "geometry": { "type": "Point", "coordinates": [ 309.390115408055806, 277.725830761575708 ] } },
{ "type": "Feature", "properties": { "building_id": 2, "point_id": 93, "floor": 2 }, "geometry": { "type": "Point", "coordinates": [ 311.533807804246521, 284.942842427375126 ] } },
{ "type": "Feature", "properties": { "building_id": 2, "point_id": 94, "floor": 1 }, "geometry": { "type": "Point", "coordinates": [ 302.162834809397168, 280.395704001922184 ] } },
{ "type": "Feature", "properties": { "building_id": 2, "point_id": 95, "floor": 6 }, "geometry": { "type": "Point", "coordinates": [ 306.051560424989759, 278.858744962677918 ] } },
{ "type": "Feature", "properties": { "building_id": 2, "point_id": 96, "floor": 6 }, "geometry": { "type": "Point", "coordinates": [ 329.097474083733459, 277.279529252080692 ] } },
{ "type": "Feature", "properties": { "building_id": 2, "point_id": 97, "floor": 6 }, "geometry": { "type": "Point", "coordinates": [ 307.060335163025002, 283.857437538032684 ] } },
{ "type": "Feature", "properties": { "building_id": 2, "point_id": 98, "floor": 5 }, "geometry": { "type": "Point", "coordinates": [ 316.926585628896817, 279.410294919433568 ] } },
{ "type": "Feature", "properties": { "building_id": 2, "point_id": 99, "floor": 2 }, "geometry": { "type": "Point", "coordinates": [ 319.605811552126056, 285.05081661563537 ] } },
{ "type": "Feature", "properties": { "building_id": 2, "point_id": 100, "floor": 2 }, "geometry": { "type": "Point", "coordinates": [ 330.678833077574495, 280.060336003418968 ] } },
{ "type": "Feature", "properties": { "building_id": 2, "point_id": 101, "floor": 4 }, "geometry": { "type": "Point", "coordinates": [ 313.759477092224301, 282.521134334357782 ] } },
{ "type": "Feature", "properties": { "building_id": 2, "point_id": 102, "floor": 6 }, "geometry": { "type": "Point", "coordinates": [ 315.330497062876987, 284.459987528786144 ] } },
{ "type": "Feature", "properties": { "building_id": 2, "point_id": 103, "floor": 2 }, "geometry": { "type": "Point", "coordinates": [ 320.010660900769949, 284.570695310665315 ] } },
{ "type": "Feature", "properties": { "building_id": 2, "point_id": 104, "floor": 2 }, "geometry": { "type": "Point", "coordinates": [ 338.668033737541236, 283.741088363047311 ] } },
{ "type": "Feature", "properties": { "building_id": 2, "point_id": 105, "floor": 1 }, "geometry": { "type": "Point", "coordinates": [ 308.907834164777626, 281.201537683545666 ] } },
{ "type": "Feature", "properties": { "building_id": 2, "point_id": 106, "floor": 3 }, "geometry": { "type": "Point", "coordinates": [ 303.286153608759889, 277.027295622727138 ] } },
{ "type": "Feature", "properties": { "building_id": 2, "point_id": 107, "floor": 4 }, "geometry": { "type": "Point", "coordinates": [ 322.268051854120245, 283.591956506006113 ] } },
{ "type": "Feature", "properties": { "building_id": 2, "point_id": 108, "floor": 1 }, "geometry": { "type": "Point", "coordinates": [ 338.041646143205071, 283.457247928685092 ] } },
{ "type": "Feature", "properties": { "building_id": 2, "point_id": 109, "floor": 5 }, "geometry": { "type": "Point", "coordinates": [ 329.48820735969008, 279.63998202855413 ] } },
{ "type": "Feature", "properties": { "building_id": 2, "point_id": 110, "floor": 2 }, "geometry": { "type": "Point", "coordinates": [ 334.804295201235163, 280.780243617055703 ] } },
{ "type": "Feature", "properties": { "building_id": 2, "point_id": 111, "floor": 1 }, "geometry": { "type": "Point", "coordinates": [ 314.002586706262207, 285.270307154248655 ] } },
{ "type": "Feature", "properties": { "building_id": 2, "point_id": 112, "floor": 2 }, "geometry": { "type": "Point", "coordinates": [ 323.321127312649992, 276.818437407822501 ] } },
{ "type": "Feature", "properties": { "building_id": 2, "point_id": 113, "floor": 5 }, "geometry": { "type": "Point", "coordinates": [ 329.76571403205071, 278.908080340649121 ] } },
{ "type": "Feature", "properties": { "building_id": 2, "point_id": 114, "floor": 2 }, "geometry": { "type": "Point", "coordinates": [ 311.166926341432656, 281.974159077724494 ] } },
{ "type": "Feature", "properties": { "building_id": 2, "point_id": 115, "floor": 6 }, "geometry": { "type": "Point", "coordinates": [ 322.601159380780302, 284.661558525632756 ] } },
{ "type": "Feature", "properties": { "building_id": 2, "point_id": 116, "floor": 3 }, "geometry": { "type": "Point", "coordinates": [ 318.415946273708414, 284.332382540332389 ] } },
{ "type": "Feature", "properties": { "building_id": 2, "point_id": 117, "floor": 4 }, "geometry": { "type": "Point", "coordinates": [ 304.205248592424141, 284.887566137999272 ] } },
{ "type": "Feature", "properties": { "building_id": 2, "point_id": 118, "floor": 2 }, "geometry": { "type": "Point", "coordinates": [ 312.60383620458839, 286.634888593946414 ] } },
{ "type": "Feature", "properties": { "building_id": 2, "point_id": 119, "floor": 6 }, "geometry": { "type": "Point", "coordinates": [ 306.383460848294135, 276.805797431258043 ] } },
{ "type": "Feature", "properties": { "building_id": 2, "point_id": 120, "floor": 3 }, "geometry": { "type": "Point", "coordinates": [ 325.370008004747206, 281.650445557466583 ] } },
{ "type": "Feature", "properties": { "building_id": 2, "point_id": 121, "floor": 6 }, "geometry": { "type": "Point", "coordinates": [ 331.655591674655398, 284.692292706469061 ] } },
{ "type": "Feature", "properties": { "building_id": 2, "point_id": 122, "floor": 6 }, "geometry": { "type": "Point", "coordinates": [ 333.448394025824712, 274.784295489749127 ] } },
{ "type": "Feature", "properties": { "building_id": 2, "point_id": 123, "floor": 4 }, "geometry": { "type": "Point", "coordinates": [ 332.674120145690722, 283.434245157591363 ] } },
{ "type": "Feature", "properties": { "building_id": 2, "point_id": 124, "floor": 5 }, "geometry": { "type": "Point", "coordinates": [ 325.432296025015376, 279.534033811307495 ] } },
{ "type": "Feature", "properties": { "building_id": 2, "point_id": 125, "floor": 2 }, "geometry": { "type": "Point", "coordinates": [ 307.106787174874228, 274.485682110325115 ] } },
{ "type": "Feature", "properties": { "building_id": 2, "point_id": 126, "floor": 2 }, "geometry": { "type": "Point", "coordinates": [ 311.780347138300613, 282.975426877995744 ] } },
{ "type": "Feature", "properties": { "building_id": 2, "point_id": 127, "floor": 1 }, "geometry": { "type": "Point", "coordinates": [ 311.29112877316868, 277.087495034476717 ] } },
{ "type": "Feature", "properties": { "building_id": 2, "point_id": 128, "floor": 5 }, "geometry": { "type": "Point", "coordinates": [ 336.544944667291418, 286.071763725928861 ] } },
{ "type": "Feature", "properties": { "building_id": 2, "point_id": 129, "floor": 2 }, "geometry": { "type": "Point", "coordinates": [ 333.302776526678485, 280.916286419877792 ] } },
{ "type": "Feature", "properties": { "building_id": 2, "point_id": 130, "floor": 6 }, "geometry": { "type": "Point", "coordinates": [ 331.924202462248843, 281.418360558821746 ] } },
{ "type": "Feature", "properties": { "building_id": 2, "point_id": 131, "floor": 4 }, "geometry": { "type": "Point", "coordinates": [ 317.61677145040079, 284.866128343992557 ] } },
{ "type": "Feature", "properties": { "building_id": 2, "point_id": 132, "floor": 1 }, "geometry": { "type": "Point", "coordinates": [ 321.757090165595855, 287.150343746419992 ] } },
{ "type": "Feature", "properties": { "building_id": 2, "point_id": 133, "floor": 3 }, "geometry": { "type": "Point", "coordinates": [ 333.021346876646703, 276.47839892863368 ] } },
{ "type": "Feature", "properties": { "building_id": 2, "point_id": 134, "floor": 6 }, "geometry": { "type": "Point", "coordinates": [ 321.396306079876638, 278.806879259756386 ] } },
{ "type": "Feature", "properties": { "building_id": 2, "point_id": 135, "floor": 5 }, "geometry": { "type": "Point", "coordinates": [ 318.987012010106298, 274.220706935131886 ] } },
{ "type": "Feature", "properties": { "building_id": 2, "point_id": 136, "floor": 6 }, "geometry": { "type": "Point", "coordinates": [ 309.302239360372482, 275.014315550044955 ] } },
{ "type": "Feature", "properties": { "building_id": 2, "point_id": 137, "floor": 6 }, "geometry": { "type": "Point", "coordinates": [ 332.500578476897886, 279.562308806558349 ] } },
{ "type": "Feature", "properties": { "building_id": 2, "point_id": 138, "floor": 3 }, "geometry": { "type": "Point", "coordinates": [ 307.446719627630614, 282.751455289294938 ] } },
{ "type": "Feature", "properties": { "building_id": 2, "point_id": 139, "floor": 4 }, "geometry": { "type": "Point", "coordinates": [ 338.312147282794058, 277.519290180501002 ] } },
{ "type": "Feature", "properties": { "building_id": 2, "point_id": 140, "floor": 5 }, "geometry": { "type": "Point", "coordinates": [ 308.693010507868962, 274.813070330864434 ] } },
{ "type": "Feature", "properties": { "building_id": 2, "point_id": 141, "floor": 4 }, "geometry": { "type": "Point", "coordinates": [ 313.204884255294871, 278.453150355066668 ] } },
{ "type": "Feature", "properties": { "building_id": 2, "point_id": 142, "floor": 4 }, "geometry": { "type": "Point", "coordinates": [ 305.692235686513982, 279.669567614982043 ] } },
{ "type": "Feature", "properties": { "building_id": 2, "point_id": 143, "floor": 1 }, "geometry": { "type": "Point", "coordinates": [ 322.541843986214758, 286.338392717191709 ] } },
{ "type": "Feature", "properties": { "building_id": 2, "point_id": 144, "floor": 2 }, "geometry": { "type": "Point", "coordinates": [ 332.158179919007296, 281.903693198154997 ] } },
{ "type": "Feature", "properties": { "building_id": 2, "point_id": 145, "floor": 1 }, "geometry": { "type": "Point", "coordinates": [ 306.533785597554925, 284.776318952407905 ] } },
{ "type": "Feature", "properties": { "building_id": 2, "point_id": 146, "floor": 5 }, "geometry": { "type": "Point", "coordinates": [ 336.407885150721938, 277.02463180119355 ] } },
{ "type": "Feature", "properties": { "building_id": 2, "point_id": 147, "floor": 3 }, "geometry": { "type": "Point", "coordinates": [ 301.998034781505169, 286.046070017092518 ] } },
{ "type": "Feature", "properties": { "building_id": 2, "point_id": 148, "floor": 6 }, "geometry": { "type": "Point", "coordinates": [ 318.919238259353619, 284.911552990828 ] } },
{ "type": "Feature", "properties": { "building_id": 2, "point_id": 149, "floor": 4 }, "geometry": { "type": "Point", "coordinates": [ 320.414948638566273, 276.974828745403499 ] } },
{ "type": "Feature", "properties": { "building_id": 2, "point_id": 150, "floor": 4 }, "geometry": { "type": "Point", "coordinates": [ 325.21739262756131, 282.365871375483323 ] } },
{ "type": "Feature", "properties": { "building_id": 2, "point_id": 151, "floor": 6 }, "geometry": { "type": "Point", "coordinates": [ 327.638000437657638, 280.836689812034763 ] } },
{ "type": "Feature", "properties": { "building_id": 2, "point_id": 152, "floor": 1 }, "geometry": { "type": "Point", "coordinates": [ 336.853588839940869, 284.910460753483164 ] } },
{ "type": "Feature", "properties": { "building_id": 2, "point_id": 153, "floor": 1 }, "geometry": { "type": "Point", "coordinates": [ 322.865217397775837, 277.448080581559168 ] } },
{ "type": "Feature", "properties": { "building_id": 2, "point_id": 154, "floor": 3 }, "geometry": { "type": "Point", "coordinates": [ 331.508455321422502, 284.612056063188277 ] } },
{ "type": "Feature", "properties": { "building_id": 2, "point_id": 155, "floor": 4 }, "geometry": { "type": "Point", "coordinates": [ 311.430403104034838, 280.021599533624169 ] } },
{ "type": "Feature", "properties": { "building_id": 2, "point_id": 156, "floor": 2 }, "geometry": { "type": "Point", "coordinates": [ 320.021251418687712, 283.97221958094201 ] } },
{ "type": "Feature", "properties": { "building_id": 2, "point_id": 157, "floor": 2 }, "geometry": { "type": "Point", "coordinates": [ 300.304938983847137, 276.262752305667505 ] } },
{ "type": "Feature", "properties": { "building_id": 2, "point_id": 158, "floor": 3 }, "geometry": { "type": "Point", "coordinates": [ 321.707542601852651, 286.710528164027551 ] } },
{ "type": "Feature", "properties": { "building_id": 2, "point_id": 159, "floor": 4 }, "geometry": { "type": "Point", "coordinates": [ 315.952396628591146, 277.854845589745082 ] } },
{ "type": "Feature", "properties": { "building_id": 2, "point_id": 160, "floor": 5 }, "geometry": { "type": "Point", "coordinates": [ 322.152938971387471, 275.414472789565252 ] } },
{ "type": "Feature", "properties": { "building_id": 2, "point_id": 161, "floor": 5 }, "geometry": { "type": "Point", "coordinates": [ 333.167607874110502, 283.348908869362901 ] } },
{ "type": "Feature", "properties": { "building_id": 2, "point_id": 162, "floor": 6 }, "geometry": { "type": "Point", "coordinates": [ 328.609959647293294, 284.925637298423339 ] } },
{ "type": "Feature", "properties": { "building_id": 2, "point_id": 163, "floor": 6 }, "geometry": { "type": "Point", "coordinates": [ 336.288361030858312, 276.712441825058363 ] } },
{ "type": "Feature", "properties": { "building_id": 2, "point_id": 164, "floor": 5 }, "geometry": { "type": "Point", "coordinates": [ 323.505096540828958, 276.038679415841273 ] } },
{ "type": "Feature", "properties": { "building_id": 2, "point_id": 165, "floor": 5 }, "geometry": { "type": "Point", "coordinates": [ 308.293701071845021, 274.816216407778086 ] } },
{ "type": "Feature", "properties": { "building_id": 2, "point_id": 166, "floor": 2 }, "geometry": { "type": "Point", "coordinates": [ 319.578165617805496, 286.90339085333386 ] } },
{ "type": "Feature", "properties": { "building_id": 2, "point_id": 167, "floor": 1 }, "geometry": { "type": "Point", "coordinates": [ 327.008124508312619, 283.754580451404593 ] } },
{ "type": "Feature", "properties": { "building_id": 2, "point_id": 168, "floor": 2 }, "geometry": { "type": "Point", "coordinates": [ 322.738288017067816, 279.546279938628118 ] } },
{ "type": "Feature", "properties": { "building_id": 2, "point_id": 169, "floor": 6 }, "geometry": { "type": "Point", "coordinates": [ 305.379827044771389, 284.943132308689883 ] } },
{ "type": "Feature", "properties": { "building_id": 2, "point_id": 170, "floor": 4 }, "geometry": { "type": "Point", "coordinates": [ 309.497664618323483, 278.777785761021676 ] } },
{ "type": "Feature", "properties": { "building_id": 2, "point_id": 171, "floor": 3 }, "geometry": { "type": "Point", "coordinates": [ 302.2897417684228, 280.345961700449607 ] } },
{ "type": "Feature", "properties": { "building_id": 2, "point_id": 172, "floor": 2 }, "geometry": { "type": "Point", "coordinates": [ 319.296266107436452, 286.14728200698238 ] } },
{ "type": "Feature", "properties": { "building_id": 2, "point_id": 173, "floor": 2 }, "geometry": { "type": "Point", "coordinates": [ 323.918545363477051, 284.181442039828084 ] } },
{ "type": "Feature", "properties": { "building_id": 2, "point_id": 174, "floor": 4 }, "geometry": { "type": "Point", "coordinates": [ 321.471270469126978, 275.357446677347696 ] } },
{ "type": "Feature", "properties": { "building_id": 2, "point_id": 175, "floor": 1 }, "geometry": { "type": "Point", "coordinates": [ 313.084196828493361, 281.683367241115207 ] } },
{ "type": "Feature", "properties": { "building_id": 2, "point_id": 176, "floor": 6 }, "geometry": { "type": "Point", "coordinates": [ 333.940220486048986, 274.542162244956614 ] } },
{ "type": "Feature", "properties": { "building_id": 2, "point_id": 177, "floor": 6 }, "geometry": { "type": "Point", "coordinates": [ 326.443810325945947, 280.038139993237678 ] } },
{ "type": "Feature", "properties": { "building_id": 2, "point_id": 178, "floor": 6 }, "geometry": { "type": "Point", "coordinates": [ 305.929056015018602, 279.008091158183959 ] } },
{ "type": "Feature", "properties": { "building_id": 2, "point_id": 179, "floor": 6 }, "geometry": { "type": "Point", "coordinates": [ 336.113723792192445, 281.369294090815288 ] } },
{ "type": "Feature", "properties": { "building_id": 2, "point_id": 180, "floor": 1 }, "geometry": { "type": "Point", "coordinates": [ 322.474823619780921, 283.284259969090897 ] } },
{ "type": "Feature", "properties": { "building_id": 2, "point_id": 181, "floor": 6 }, "geometry": { "type": "Point", "coordinates": [ 309.500755199184709, 285.980620314448856 ] } },
{ "type": "Feature", "properties": { "building_id": 2, "point_id": 182, "floor": 5 }, "geometry": { "type": "Point", "coordinates": [ 323.26673603815118, 279.440038479316343 ] } },
{ "type": "Feature", "properties": { "building_id": 2, "point_id": 183, "floor": 2 }, "geometry": { "type": "Point", "coordinates": [ 309.867245604848051, 278.43062294030949 ] } },
{ "type": "Feature", "properties": { "building_id": 2, "point_id": 184, "floor": 3 }, "geometry": { "type": "Point", "coordinates": [ 319.291658929407845, 278.720887062463873 ] } },
{ "type": "Feature", "properties": { "building_id": 2, "point_id": 185, "floor": 4 }, "geometry": { "type": "Point", "coordinates": [ 306.203204879161092, 285.92383456536254 ] } },
{ "type": "Feature", "properties": { "building_id": 2, "point_id": 186, "floor": 3 }, "geometry": { "type": "Point", "coordinates": [ 311.656228138550773, 275.236455848156766 ] } },
{ "type": "Feature", "properties": { "building_id": 2, "point_id": 187, "floor": 6 }, "geometry": { "type": "Point", "coordinates": [ 337.264880189010796, 279.972348549922174 ] } },
{ "type": "Feature", "properties": { "building_id": 2, "point_id": 188, "floor": 3 }, "geometry": { "type": "Point", "coordinates": [ 331.566914769652612, 275.021773725469131 ] } },
{ "type": "Feature", "properties": { "building_id": 2, "point_id": 189, "floor": 4 }, "geometry": { "type": "Point", "coordinates": [ 309.792219186955776, 275.647145175899198 ] } },
{ "type": "Feature", "properties": { "building_id": 2, "point_id": 190, "floor": 3 }, "geometry": { "type": "Point", "coordinates": [ 334.185517244667835, 281.503549949640217 ] } },
{ "type": "Feature", "properties": { "building_id": 2, "point_id": 191, "floor": 2 }, "geometry": { "type": "Point", "coordinates": [ 318.512440952582836, 281.049070181283355 ] } },
{ "type": "Feature", "properties": { "building_id": 2, "point_id": 192, "floor": 6 }, "geometry": { "type": "Point", "coordinates": [ 319.017426049754874, 284.149559447779325 ] } },
{ "type": "Feature", "properties": { "building_id": 2, "point_id": 193, "floor": 2 }, "geometry": { "type": "Point", "coordinates": [ 310.860979401555994, 275.765659815505785 ] } },
{ "type": "Feature", "properties": { "building_id": 2, "point_id": 194, "floor": 1 }, "geometry": { "type": "Point", "coordinates": [ 309.236309964476845, 281.607895320356818 ] } },
{ "type": "Feature", "properties": { "building_id": 2, "point_id": 195, "floor": 5 }, "geometry": { "type": "Point", "coordinates": [ 333.613480419089797, 280.656871971816372 ] } },
{ "type": "Feature", "properties": { "building_id": 2, "point_id": 196, "floor": 6 }, "geometry": { "type": "Point", "coordinates": [ 305.603724760816817, 284.7218060493297 ] } },
{ "type": "Feature", "properties": { "building_id": 2, "point_id": 197, "floor": 6 }, "geometry": { "type": "Point", "coordinates": [ 322.050582950481441, 283.394908178823812 ] } },
{ "type": "Feature", "properties": { "building_id": 2, "point_id": 198, "floor": 3 }, "geometry": { "type": "Point", "coordinates": [ 334.972482994916959, 275.920364110907485 ] } },
{ "type": "Feature", "properties": { "building_id": 2, "point_id": 199, "floor": 4 }, "geometry": { "type": "Point", "coordinates": [ 311.616005629021856, 280.494167972403488 ] } },
{ "type": "Feature", "properties": { "building_id": 2, "point_id": 200, "floor": 3 }, "geometry": { "type": "Point", "coordinates": [ 329.36323235263103, 286.553431590655237 ] } },
{ "type": "Feature", "properties": { "building_id": 2, "point_id": 201, "floor": 2 }, "geometry": { "type": "Point", "coordinates": [ 324.982370267620354, 277.617617578898376 ] } },
{ "type": "Feature", "properties": { "building_id": 2, "point_id": 202, "floor": 5 }, "geometry": { "type": "Point", "coordinates": [ 308.488142213578442, 283.351352327673226 ] } },
{ "type": "Feature", "properties": { "building_id": 2, "point_id": 203, "floor": 1 }, "geometry": { "type": "Point", "coordinates": [ 328.380630749559543, 282.111107744116282 ] } },
{ "type": "Feature", "properties": { "building_id": 2, "point_id": 204, "floor": 5 }, "geometry": { "type": "Point", "coordinates": [ 315.822913375750204, 276.020582191918265 ] } },
{ "type": "Feature", "properties": { "building_id": 2, "point_id": 205, "floor": 5 }, "geometry": { "type": "Point", "coordinates": [ 316.990796924229471, 275.602216233621391 ] } },
{ "type": "Feature", "properties": { "building_id": 2, "point_id": 206, "floor": 5 }, "geometry": { "type": "Point", "coordinates": [ 314.879853391339964, 280.03073247460037 ] } },
{ "type": "Feature", "properties": { "building_id": 2, "point_id": 207, "floor": 2 }, "geometry": { "type": "Point", "coordinates": [ 303.353073065367596, 284.342634308803667 ] } },
{ "type": "Feature", "properties": { "building_id": 2, "point_id": 208, "floor": 6 }, "geometry": { "type": "Point", "coordinates": [ 333.980717296896614, 283.624660365716295 ] } },
{ "type": "Feature", "properties": { "building_id": 2, "point_id": 209, "floor": 1 }, "geometry": { "type": "Point", "coordinates": [ 317.23529474351659, 278.14002562713182 ] } },
{ "type": "Feature", "properties": { "building_id": 2, "point_id": 210, "floor": 4 }, "geometry": { "type": "Point", "coordinates": [ 334.038528999064511, 283.296901149195435 ] } },
{ "type": "Feature", "properties": { "building_id": 2, "point_id": 211, "floor": 5 }, "geometry": { "type": "Point", "coordinates": [ 314.511980118185477, 282.666154359006214 ] } },
{ "type": "Feature", "properties": { "building_id": 2, "point_id": 212, "floor": 2 }, "geometry": { "type": "Point", "coordinates": [ 333.474219709667352, 284.305058940635831 ] } },
{ "type": "Feature", "properties": { "building_id": 2, "point_id": 213, "floor": 1 }, "geometry": { "type": "Point", "coordinates": [ 312.300064045683939, 283.563361227160101 ] } },
{ "type": "Feature", "properties": { "building_id": 2, "point_id": 214, "floor": 1 }, "geometry": { "type": "Point", "coordinates": [ 334.047700384833036, 281.869938923193843 ] } },
{ "type": "Feature", "properties": { "building_id": 2, "point_id": 215, "floor": 1 }, "geometry": { "type": "Point", "coordinates": [ 308.819142985099802, 283.028689736108163 ] } },
{ "type": "Feature", "properties": { "building_id": 2, "point_id": 216, "floor": 2 }, "geometry": { "type": "Point", "coordinates": [ 329.363436845850799, 278.115714071705895 ] } },
{ "type": "Feature", "properties": { "building_id": 2, "point_id": 217, "floor": 4 }, "geometry": { "type": "Point", "coordinates": [ 310.489522482241739, 278.561944507162139 ] } },
{ "type": "Feature", "properties": { "building_id": 2, "point_id": 218, "floor": 5 }, "geometry": { "type": "Point", "coordinates": [ 306.143467439991753, 275.694489788282795 ] } },
{ "type": "Feature", "properties": { "building_id": 2, "point_id": 219, "floor": 2 }, "geometry": { "type": "Point", "coordinates": [ 325.858021082600658, 286.026821695767069 ] } },
{ "type": "Feature", "properties": { "building_id": 2, "point_id": 220, "floor": 4 }, "geometry": { "type": "Point", "coordinates": [ 337.307366423662756, 280.044673219946048 ] } },
{ "type": "Feature", "properties": { "building_id": 2, "point_id": 221, "floor": 6 }, "geometry": { "type": "Point", "coordinates": [ 318.747872420681745, 285.282064613723037 ] } },
{ "type": "Feature", "properties": { "building_id": 2, "point_id": 222, "floor": 5 }, "geometry": { "type": "Point", "coordinates": [ 303.957392734402276, 278.721823326426943 ] } },
{ "type": "Feature", "properties": { "building_id": 2, "point_id": 223, "floor": 1 }, "geometry": { "type": "Point", "coordinates": [ 309.316098042388433, 284.885256441850515 ] } },
{ "type": "Feature", "properties": { "building_id": 2, "point_id": 224, "floor": 5 }, "geometry": { "type": "Point", "coordinates": [ 332.67839161227289, 274.47827295425401 ] } },
{ "type": "Feature", "properties": { "building_id": 2, "point_id": 225, "floor": 3 }, "geometry": { "type": "Point", "coordinates": [ 315.397803392485343, 281.11663854212668 ] } },
{ "type": "Feature", "properties": { "building_id": 2, "point_id": 226, "floor": 4 }, "geometry": { "type": "Point", "coordinates": [ 302.072427217086613, 285.222632688953468 ] } },
{ "type": "Feature", "properties": { "building_id": 2, "point_id": 227, "floor": 3 }, "geometry": { "type": "Point", "coordinates": [ 312.103182531360176, 284.922185669818475 ] } },
{ "type": "Feature", "properties": { "building_id": 2, "point_id": 228, "floor": 6 }, "geometry": { "type": "Point", "coordinates": [ 325.53328078445486, 283.14011678392103 ] } },
{ "type": "Feature", "properties": { "building_id": 2, "point_id": 229, "floor": 2 }, "geometry": { "type": "Point", "coordinates": [ 322.796289753270969, 281.775632830121936 ] } },
{ "type": "Feature", "properties": { "building_id": 2, "point_id": 230, "floor": 1 }, "geometry": { "type": "Point", "coordinates": [ 312.864985310277461, 283.974326130826853 ] } },
{ "type": "Feature", "properties": { "building_id": 2, "point_id": 231, "floor": 2 }, "geometry": { "type": "Point", "coordinates": [ 310.954534861178502, 275.693108837934801 ] } },
{ "type": "Feature", "properties": { "building_id": 2, "point_id": 232, "floor": 2 }, "geometry": { "type": "Point", "coordinates": [ 324.725807718947578, 285.080730280379441 ] } },
{ "type": "Feature", "properties": { "building_id": 2, "point_id": 233, "floor": 2 }, "geometry": { "type": "Point", "coordinates": [ 328.757465056281831, 284.226769460461696 ] } },
{ "type": "Feature", "properties": { "building_id": 2, "point_id": 234, "floor": 4 }, "geometry": { "type": "Point", "coordinates": [ 315.72812851434378, 284.111352672861756 ] } },
{ "type": "Feature", "properties": { "building_id": 2, "point_id": 235, "floor": 4 }, "geometry": { "type": "Point", "coordinates": [ 335.491723121823782, 286.938240391294187 ] } },
{ "type": "Feature", "properties": { "building_id": 2, "point_id": 236, "floor": 1 }, "geometry": { "type": "Point", "coordinates": [ 311.298585656899718, 282.284613864481742 ] } },
{ "type": "Feature", "properties": { "building_id": 2, "point_id": 237, "floor": 3 }, "geometry": { "type": "Point", "coordinates": [ 323.702657202547698, 277.082874867282499 ] } },
{ "type": "Feature", "properties": { "building_id": 2, "point_id": 238, "floor": 2 }, "geometry": { "type": "Point", "coordinates": [ 310.069630062700242, 282.70450104233845 ] } },
{ "type": "Feature", "properties": { "building_id": 2, "point_id": 239, "floor": 2 }, "geometry": { "type": "Point", "coordinates": [ 307.762088657751747, 277.438625985577517 ] } },
{ "type": "Feature", "properties": { "building_id": 3, "point_id": 0, "floor": 6 }, "geometry": { "type": "Point", "coordinates": [ 312.067274246479542, 251.734952181498073 ] } },
{ "type": "Feature", "properties": { "building_id": 3, "point_id": 1, "floor": 6 }, "geometry": { "type": "Point", "coordinates": [ 322.10880315499611, 251.117952695486338 ] } },
{ "type": "Feature", "properties": { "building_id": 3, "point_id": 2, "floor": 2 }, "geometry": { "type": "Point", "coordinates": [ 315.818614503205652, 254.204536979337746 ] } },
{ "type": "Feature", "properties": { "building_id": 3, "point_id": 3, "floor": 2 }, "geometry": { "type": "Point", "coordinates": [ 326.714739277231217, 256.709175391381507 ] } },
{ "type": "Feature", "properties": { "building_id": 3, "point_id": 4, "floor": 4 }, "geometry": { "type": "Point", "coordinates": [ 314.553982375091834, 256.3434243878649 ] } },
{ "type": "Feature", "properties": { "building_id": 3, "point_id": 5, "floor": 6 }, "geometry": { "type": "Point", "coordinates": [ 304.023208944361329, 248.825590065912252 ] } },
{ "type": "Feature", "properties": { "building_id": 3, "point_id": 6, "floor": 1 }, "geometry": { "type": "Point", "coordinates": [ 333.258506761199442, 254.330201761150818 ] } },
{ "type": "Feature", "properties": { "building_id": 3, "point_id": 7, "floor": 6 }, "geometry": { "type": "Point", "coordinates": [ 301.971037830608282, 256.46369901312562 ] } },
{ "type": "Feature", "properties": { "building_id": 3, "point_id": 8, "floor": 6 }, "geometry": { "type": "Point", "coordinates": [ 336.014115340634476, 250.774912253087138 ] } },
{ "type": "Feature", "properties": { "building_id": 3, "point_id": 9, "floor": 5 }, "geometry": { "type": "Point", "coordinates": [ 319.848963960719004, 253.307195752506203 ] } },
{ "type": "Feature", "properties": { "building_id": 3, "point_id": 10, "floor": 6 }, "geometry": { "type": "Point", "coordinates": [ 333.03599781035183, 253.262866233524136 ] } },
{ "type": "Feature", "properties": { "building_id": 3, "point_id": 11, "floor": 2 }, "geometry": { "type": "Point", "coordinates": [ 311.12587431370082, 252.072157029951711 ] } },
{ "type": "Feature", "properties": { "building_id": 3, "point_id": 12, "floor": 4 }, "geometry": { "type": "Point", "coordinates": [ 316.428559037545938, 256.817953710785616 ] } },
{ "type": "Feature", "properties": { "building_id": 3, "point_id": 13, "floor": 2 }, "geometry": { "type": "Point", "coordinates": [ 335.521171215450408, 253.061474276503162 ] } },
{ "type": "Feature", "properties": { "building_id": 3, "point_id": 14, "floor": 4 }, "geometry": { "type": "Point", "coordinates": [ 314.972932828340788, 255.370629025683201 ] } },
{ "type": "Feature", "properties": { "building_id": 3, "point_id": 15, "floor": 6 }, "geometry": { "type": "Point", "coordinates": [ 318.773393662555236, 256.29705010348755 ] } },
{ "type": "Feature", "properties": { "building_id": 3, "point_id": 16, "floor": 1 }, "geometry": { "type": "Point", "coordinates": [ 313.697980040881475, 253.422002681472918 ] } },
{ "type": "Feature", "properties": { "building_id": 3, "point_id": 17, "floor": 3 }, "geometry": { "type": "Point", "coordinates": [ 335.825610211814933, 252.69903637140655 ] } },
{ "type": "Feature", "properties": { "building_id": 3, "point_id": 18, "floor": 4 }, "geometry": { "type": "Point", "coordinates": [ 311.283862829854741, 254.144291178865814 ] } },
{ "type": "Feature", "properties": { "building_id": 3, "point_id": 19, "floor": 4 }, "geometry": { "type": "Point", "coordinates": [ 312.645300151126889, 256.792237973763235 ] } },
{ "type": "Feature", "properties": { "building_id": 3, "point_id": 20, "floor": 2 }, "geometry": { "type": "Point", "coordinates": [ 299.736065903013923, 256.50163312982977 ] } },
{ "type": "Feature", "properties": { "building_id": 3, "point_id": 21, "floor": 5 }, "geometry": { "type": "Point", "coordinates": [ 326.830581625761283, 250.004997755521373 ] } },
{ "type": "Feature", "properties": { "building_id": 3, "point_id": 22, "floor": 2 }, "geometry": { "type": "Point", "coordinates": [ 303.128759712203816, 258.004542796108069 ] } },
{ "type": "Feature", "properties": { "building_id": 3, "point_id": 23, "floor": 2 }, "geometry": { "type": "Point", "coordinates": [ 312.04279076231029, 255.523331259793991 ] } },
{ "type": "Feature", "properties": { "building_id": 3, "point_id": 24, "floor": 2 }, "geometry": { "type": "Point", "coordinates": [ 335.795893679237281, 247.944807641944095 ] } },
{ "type": "Feature", "properties": { "building_id": 3, "point_id": 25, "floor": 6 }, "geometry": { "type": "Point", "coordinates": [ 320.288410226206111, 248.627930821498978 ] } },
{ "type": "Feature", "properties": { "building_id": 3, "point_id": 26, "floor": 1 }, "geometry": { "type": "Point", "coordinates": [ 315.746570495224489, 248.994870601710545 ] } },
{ "type": "Feature", "properties": { "building_id": 3, "point_id": 27, "floor": 3 }, "geometry": { "type": "Point", "coordinates": [ 334.332847571066679, 251.813383901029027 ] } },
{ "type": "Feature", "properties": { "building_id": 3, "point_id": 28, "floor": 6 }, "geometry": { "type": "Point", "coordinates": [ 310.799749623442949, 255.88563564693473 ] } },
{ "type": "Feature", "properties": { "building_id": 3, "point_id": 29, "floor": 6 }, "geometry": { "type": "Point", "coordinates": [ 308.651073497509856, 252.218785516013526 ] } },
{ "type": "Feature", "properties": { "building_id": 3, "point_id": 30, "floor": 6 }, "geometry": { "type": "Point", "coordinates": [ 324.699883850680465, 253.444536729441069 ] } },
{ "type": "Feature", "properties": { "building_id": 3, "point_id": 31, "floor": 2 }, "geometry": { "type": "Point", "coordinates": [ 309.976558569132123, 257.087892517721968 ] } },
{ "type": "Feature", "properties": { "building_id": 3, "point_id": 32, "floor": 6 }, "geometry": { "type": "Point", "coordinates": [ 309.511945395134489, 252.652808695629744 ] } },
{ "type": "Feature", "properties": { "building_id": 3, "point_id": 33, "floor": 3 }, "geometry": { "type": "Point", "coordinates": [ 328.342500117020052, 255.781278974621813 ] } },
{ "type": "Feature", "properties": { "building_id": 3, "point_id": 34, "floor": 2 }, "geometry": { "type": "Point", "coordinates": [ 315.962700393627301, 256.866070955300074 ] } },
{ "type": "Feature", "properties": { "building_id": 3, "point_id": 35, "floor": 4 }, "geometry": { "type": "Point", "coordinates": [ 318.815594710656853, 255.086152309450142 ] } },
{ "type": "Feature", "properties": { "building_id": 3, "point_id": 36, "floor": 4 }, "geometry": { "type": "Point", "coordinates": [ 313.343318917355191, 255.01739047593901 ] } },
{ "type": "Feature", "properties": { "building_id": 3, "point_id": 37, "floor": 4 }, "geometry": { "type": "Point", "coordinates": [ 324.804576197312485, 254.267803992369551 ] } },
{ "type": "Feature", "properties": { "building_id": 3, "point_id": 38, "floor": 1 }, "geometry": { "type": "Point", "coordinates": [ 307.643907038688099, 254.68206316126566 ] } },
{ "type": "Feature", "properties": { "building_id": 3, "point_id": 39, "floor": 5 }, "geometry": { "type": "Point", "coordinates": [ 308.823373384234571, 252.048447781935295 ] } },
{ "type": "Feature", "properties": { "building_id": 3, "point_id": 40, "floor": 2 }, "geometry": { "type": "Point", "coordinates": [ 324.312005110450229, 252.747504339326525 ] } },
{ "type": "Feature", "properties": { "building_id": 3, "point_id": 41, "floor": 2 }, "geometry": { "type": "Point", "coordinates": [ 320.228165319994332, 253.302372359063241 ] } },
{ "type": "Feature", "properties": { "building_id": 3, "point_id": 42, "floor": 5 }, "geometry": { "type": "Point", "coordinates": [ 315.001228033359666, 251.018951915964095 ] } },
{ "type": "Feature", "properties": { "building_id": 3, "point_id": 43, "floor": 3 }, "geometry": { "type": "Point", "coordinates": [ 314.194121618059341, 257.501977534007835 ] } },
{ "type": "Feature", "properties": { "building_id": 3, "point_id": 44, "floor": 1 }, "geometry": { "type": "Point", "coordinates": [ 313.236275823089102, 253.915708742795573 ] } },
{ "type": "Feature", "properties": { "building_id": 3, "point_id": 45, "floor": 6 }, "geometry": { "type": "Point", "coordinates": [ 323.206435309995243, 250.476456982292461 ] } },
{ "type": "Feature", "properties": { "building_id": 3, "point_id": 46, "floor": 1 }, "geometry": { "type": "Point", "coordinates": [ 312.622204361574006, 253.174920652539214 ] } },
{ "type": "Feature", "properties": { "building_id": 3, "point_id": 47, "floor": 1 }, "geometry": { "type": "Point", "coordinates": [ 323.763940666669953, 252.87364347374222 ] } },
{ "type": "Feature", "properties": { "building_id": 3, "point_id": 48, "floor": 6 }, "geometry": { "type": "Point", "coordinates": [ 302.189609129283269, 253.465345514801612 ] } },
{ "type": "Feature", "properties": { "building_id": 3, "point_id": 49, "floor": 3 }, "geometry": { "type": "Point", "coordinates": [ 324.162116081156853, 248.275920526976449 ] } },
{ "type": "Feature", "properties": { "building_id": 3, "point_id": 50, "floor": 3 }, "geometry": { "type": "Point", "coordinates": [ 335.871385723694402, 255.103469844601904 ] } },
{ "type": "Feature", "properties": { "building_id": 3, "point_id": 51, "floor": 4 }, "geometry": { "type": "Point", "coordinates": [ 306.623690227832356, 255.506718661608971 ] } },
{ "type": "Feature", "properties": { "building_id": 3, "point_id": 52, "floor": 2 }, "geometry": { "type": "Point", "coordinates": [ 300.79307770812494, 248.801841728161094 ] } },
{ "type": "Feature", "properties": { "building_id": 3, "point_id": 53, "floor": 3 }, "geometry": { "type": "Point", "coordinates": [ 331.298149787272223, 250.266900597860172 ] } },
{ "type": "Feature", "properties": { "building_id": 3, "point_id": 54, "floor": 3 }, "geometry": { "type": "Point", "coordinates": [ 328.378065201015602, 251.760007739507643 ] } },
{ "type": "Feature", "properties": { "building_id": 3, "point_id": 55, "floor": 3 }, "geometry": { "type": "Point", "coordinates": [ 317.788770093608662, 254.965276875253096 ] } },
{ "type": "Feature", "properties": { "building_id": 3, "point_id": 56, "floor": 6 }, "geometry": { "type": "Point", "coordinates": [ 310.449156082558375, 253.931106899745714 ] } },
{ "type": "Feature", "properties": { "building_id": 3, "point_id": 57, "floor": 4 }, "geometry": { "type": "Point", "coordinates": [ 309.967725693700061, 248.635140323544164 ] } },
{ "type": "Feature", "properties": { "building_id": 3, "point_id": 58, "floor": 2 }, "geometry": { "type": "Point", "coordinates": [ 301.912854458567381, 254.53044574776419 ] } },
{ "type": "Feature", "properties": { "building_id": 3, "point_id": 59, "floor": 2 }, "geometry": { "type": "Point", "coordinates": [ 312.640954031069612, 255.525362640594835 ] } },
{ "type": "Feature", "properties": { "building_id": 3, "point_id": 60, "floor": 6 }, "geometry": { "type": "Point", "coordinates": [ 334.470865253570196, 251.846569591908491 ] } },
{ "type": "Feature", "properties": { "building_id": 3, "point_id": 61, "floor": 6 }, "geometry": { "type": "Point", "coordinates": [ 307.184847687026775, 254.393794921705222 ] } },
{ "type": "Feature", "properties": { "building_id": 3, "point_id": 62, "floor": 3 }, "geometry": { "type": "Point", "coordinates": [ 309.840404580579161, 254.684038541803488 ] } },
{ "type": "Feature", "properties": { "building_id": 3, "point_id": 63, "floor": 6 }, "geometry": { "type": "Point", "coordinates": [ 317.122562906012945, 256.177766709157254 ] } },
{ "type": "Feature", "properties": { "building_id": 3, "point_id": 64, "floor": 1 }, "geometry": { "type": "Point", "coordinates": [ 330.125525697241528, 255.146587590270514 ] } },
{ "type": "Feature", "properties": { "building_id": 3, "point_id": 65, "floor": 6 }, "geometry": { "type": "Point", "coordinates": [ 300.117332633792614, 251.200076911427317 ] } },
{ "type": "Feature", "properties": { "building_id": 3, "point_id": 66, "floor": 2 }, "geometry": { "type": "Point", "coordinates": [ 321.308253137980671, 255.160725127397029 ] } },
{ "type": "Feature", "properties": { "building_id": 3, "point_id": 67, "floor": 6 }, "geometry": { "type": "Point", "coordinates": [ 319.827624573683408, 252.747255523860133 ] } },
{ "type": "Feature", "properties": { "building_id": 3, "point_id": 68, "floor": 3 }, "geometry": { "type": "Point", "coordinates": [ 318.586582207640561, 249.862132095927819 ] } },
{ "type": "Feature", "properties": { "building_id": 3, "point_id": 69, "floor": 3 }, "geometry": { "type": "Point", "coordinates": [ 323.413491530810404, 255.309673302753765 ] } },
{ "type": "Feature", "properties": { "building_id": 3, "point_id": 70, "floor": 3 }, "geometry": { "type": "Point", "coordinates": [ 315.909088537804394, 254.57235612196996 ] } },
{ "type": "Feature", "properties": { "building_id": 3, "point_id": 71, "floor": 4 }, "geometry": { "type": "Point", "coordinates": [ 317.44546695816382, 248.49837831539935 ] } },
{ "type": "Feature", "properties": { "building_id": 3, "point_id": 72, "floor": 2 }, "geometry": { "type": "Point", "coordinates": [ 303.504909155686335, 249.763948717077483 ] } },
{ "type": "Feature", "properties": { "building_id": 3, "point_id": 73, "floor": 1 }, "geometry": { "type": "Point", "coordinates": [ 324.951855596048745, 250.540654589339141 ] } },
{ "type": "Feature", "properties": { "building_id": 3, "point_id": 74, "floor": 4 }, "geometry": { "type": "Point", "coordinates": [ 323.854872706928177, 251.392471886990791 ] } },
{ "type": "Feature", "properties": { "building_id": 3, "point_id": 75, "floor": 3 }, "geometry": { "type": "Point", "coordinates": [ 321.252576664894377, 255.911662367897236 ] } },
{ "type": "Feature", "properties": { "building_id": 3, "point_id": 76, "floor": 6 }, "geometry": { "type": "Point", "coordinates": [ 301.896649723083499, 250.137849137950099 ] } },
{ "type": "Feature", "properties": { "building_id": 3, "point_id": 77, "floor": 6 }, "geometry": { "type": "Point", "coordinates": [ 300.958161014536756, 255.995059432286155 ] } },
{ "type": "Feature", "properties": { "building_id": 3, "point_id": 78, "floor": 2 }, "geometry": { "type": "Point", "coordinates": [ 320.423488008734864, 249.607765547195953 ] } },
{ "type": "Feature", "properties": { "building_id": 3, "point_id": 79, "floor": 5 }, "geometry": { "type": "Point", "coordinates": [ 328.80621757165801, 254.467490078832441 ] } },
{ "type": "Feature", "properties": { "building_id": 3, "point_id": 80, "floor": 3 }, "geometry": { "type": "Point", "coordinates": [ 300.561080722856957, 254.290836422804944 ] } },
{ "type": "Feature", "properties": { "building_id": 3, "point_id": 81, "floor": 5 }, "geometry": { "type": "Point", "coordinates": [ 323.339029623744921, 249.501885505676768 ] } },
{ "type": "Feature", "properties": { "building_id": 3, "point_id": 82, "floor": 2 }, "geometry": { "type": "Point", "coordinates": [ 326.579341997292772, 251.497101709085683 ] } },
{ "type": "Feature", "properties": { "building_id": 3, "point_id": 83, "floor": 6 }, "geometry": { "type": "Point", "coordinates": [ 310.594071198269035, 253.544809925825177 ] } },
{ "type": "Feature", "properties": { "building_id": 3, "point_id": 84, "floor": 1 }, "geometry": { "type": "Point", "coordinates": [ 326.640469686009624, 250.566153227220326 ] } },
{ "type": "Feature", "properties": { "building_id": 3, "point_id": 85, "floor": 1 }, "geometry": { "type": "Point", "coordinates": [ 310.795747562352176, 255.334172863488078 ] } },
{ "type": "Feature", "properties": { "building_id": 3, "point_id": 86, "floor": 3 }, "geometry": { "type": "Point", "coordinates": [ 312.149683390855841, 255.508122440859097 ] } },
{ "type": "Feature", "properties": { "building_id": 3, "point_id": 87, "floor": 3 }, "geometry": { "type": "Point", "coordinates": [ 304.987448070319829, 249.238518995778691 ] } },
{ "type": "Feature", "properties": { "building_id": 3, "point_id": 88, "floor": 1 }, "geometry": { "type": "Point", "coordinates": [ 332.137516118468056, 251.076112154077578 ] } },
{ "type": "Feature", "properties": { "building_id": 3, "point_id": 89, "floor": 3 }, "geometry": { "type": "Point", "coordinates": [ 309.731596407792836, 252.702014607087705 ] } },
{ "type": "Feature", "properties": { "building_id": 3, "point_id": 90, "floor": 5 }, "geometry": { "type": "Point", "coordinates": [ 330.961121202551169, 250.850354585916477 ] } },
{ "type": "Feature", "properties": { "building_id": 3, "point_id": 91, "floor": 1 }, "geometry": { "type": "Point", "coordinates": [ 335.235080338120213, 254.905613598448639 ] } },
{ "type": "Feature", "properties": { "building_id": 3, "point_id": 92, "floor": 3 }, "geometry": { "type": "Point", "coordinates": [ 302.150239448443074, 248.686087255790198 ] } },
{ "type": "Feature", "properties": { "building_id": 3, "point_id": 93, "floor": 6 }, "geometry": { "type": "Point", "coordinates": [ 329.461819773233344, 249.329253143354833 ] } },
{ "type": "Feature", "properties": { "building_id": 3, "point_id": 94, "floor": 1 }, "geometry": { "type": "Point", "coordinates": [ 319.765665063477684, 254.340924085036249 ] } },
{ "type": "Feature", "properties": { "building_id": 3, "point_id": 95, "floor": 4 }, "geometry": { "type": "Point", "coordinates": [ 334.244067867779222, 249.845389241761723 ] } },
{ "type": "Feature", "properties": { "building_id": 3, "point_id": 96, "floor": 6 }, "geometry": { "type": "Point", "coordinates": [ 315.464266798509527, 254.083631867733203 ] } },
{ "type": "Feature", "properties": { "building_id": 3, "point_id": 97, "floor": 3 }, "geometry": { "type": "Point", "coordinates": [ 302.147791304477266, 252.277757938168094 ] } },
{ "type": "Feature", "properties": { "building_id": 3, "point_id": 98, "floor": 3 }, "geometry": { "type": "Point", "coordinates": [ 307.648757004294055, 256.790757492963337 ] } },
{ "type": "Feature", "properties": { "building_id": 3, "point_id": 99, "floor": 6 }, "geometry": { "type": "Point", "coordinates": [ 302.951281375839187, 255.015026493161258 ] } },
{ "type": "Feature", "properties": { "building_id": 3, "point_id": 100, "floor": 3 }, "geometry": { "type": "Point", "coordinates": [ 313.634618545977958, 254.446310774560317 ] } },
{ "type": "Feature", "properties": { "building_id": 3, "point_id": 101, "floor": 3 }, "geometry": { "type": "Point", "coordinates": [ 309.908935394530488, 251.976209934322981 ] } },
{ "type": "Feature", "properties": { "building_id": 3, "point_id": 102, "floor": 4 }, "geometry": { "type": "Point", "coordinates": [ 332.487486169866429, 250.936734530224982 ] } },
{ "type": "Feature", "properties": { "building_id": 3, "point_id": 103, "floor": 3 }, "geometry": { "type": "Point", "coordinates": [ 331.412232913164587, 252.76326828379004 ] } },
{ "type": "Feature", "properties": { "building_id": 3, "point_id": 104, "floor": 5 }, "geometry": { "type": "Point", "coordinates": [ 321.466324781854269, 248.280255808629732 ] } },
{ "type": "Feature", "properties": { "building_id": 3, "point_id": 105, "floor": 2 }, "geometry": { "type": "Point", "coordinates": [ 307.217740101557979, 252.919920721649248 ] } },
{ "type": "Feature", "properties": { "building_id": 3, "point_id": 106, "floor": 6 }, "geometry": { "type": "Point", "coordinates": [ 315.091069200559275, 252.20041952635782 ] } },
{ "type": "Feature", "properties": { "building_id": 3, "point_id": 107, "floor": 5 }, "geometry": { "type": "Point", "coordinates": [ 307.533823342507219, 252.587407756922516 ] } },
{ "type": "Feature", "properties": { "building_id": 3, "point_id": 108, "floor": 2 }, "geometry": { "type": "Point", "coordinates": [ 322.393152504941668, 250.895778090807653 ] } },
{ "type": "Feature", "properties": { "building_id": 3, "point_id": 109, "floor": 5 }, "geometry": { "type": "Point", "coordinates": [ 321.565233969209601, 250.352203103426319 ] } },
{ "type": "Feature", "properties": { "building_id": 3, "point_id": 110, "floor": 5 }, "geometry": { "type": "Point", "coordinates": [ 312.040327408721964, 249.895148087338356 ] } },
{ "type": "Feature", "properties": { "building_id": 3, "point_id": 111, "floor": 5 }, "geometry": { "type": "Point", "coordinates": [ 316.887265968765746, 256.064894500456148 ] } },
{ "type": "Feature", "properties": { "building_id": 3, "point_id": 112, "floor": 1 }, "geometry": { "type": "Point", "coordinates": [ 312.021366574293324, 251.462068511019197 ] } },
{ "type": "Feature", "properties": { "building_id": 3, "point_id": 113, "floor": 3 }, "geometry": { "type": "Point", "coordinates": [ 333.633171001335256, 250.442896088805327 ] } },
{ "type": "Feature", "properties": { "building_id": 3, "point_id": 114, "floor": 2 }, "geometry": { "type": "Point", "coordinates": [ 332.519589704803991, 248.074256608335418 ] } },
{ "type": "Feature", "properties": { "building_id": 3, "point_id": 115, "floor": 5 }, "geometry": { "type": "Point", "coordinates": [ 307.299622102847309, 257.427335417523807 ] } },
{ "type": "Feature", "properties": { "building_id": 3, "point_id": 116, "floor": 2 }, "geometry": { "type": "Point", "coordinates": [ 331.347088249806006, 251.381193519546827 ] } },
{ "type": "Feature", "properties": { "building_id": 3, "point_id": 117, "floor": 1 }, "geometry": { "type": "Point", "coordinates": [ 305.135240733022101, 257.014528495946195 ] } },
{ "type": "Feature", "properties": { "building_id": 3, "point_id": 118, "floor": 5 }, "geometry": { "type": "Point", "coordinates": [ 334.783452123021448, 253.776899195785802 ] } },
{ "type": "Feature", "properties": { "building_id": 3, "point_id": 119, "floor": 1 }, "geometry": { "type": "Point", "coordinates": [ 322.123977091816187, 248.559835477612239 ] } },
{ "type": "Feature", "properties": { "building_id": 3, "point_id": 120, "floor": 3 }, "geometry": { "type": "Point", "coordinates": [ 318.15083112892097, 252.718565533267679 ] } },
{ "type": "Feature", "properties": { "building_id": 3, "point_id": 121, "floor": 4 }, "geometry": { "type": "Point", "coordinates": [ 327.392012999602173, 252.091935180076746 ] } },
{ "type": "Feature", "properties": { "building_id": 3, "point_id": 122, "floor": 4 }, "geometry": { "type": "Point", "coordinates": [ 333.703749551357532, 254.298183080972535 ] } },
{ "type": "Feature", "properties": { "building_id": 3, "point_id": 123, "floor": 3 }, "geometry": { "type": "Point", "coordinates": [ 312.882836969808579, 250.560766769672028 ] } },
{ "type": "Feature", "properties": { "building_id": 3, "point_id": 124, "floor": 1 }, "geometry": { "type": "Point", "coordinates": [ 302.57817009362816, 250.90630888168198 ] } },
{ "type": "Feature", "properties": { "building_id": 3, "point_id": 125, "floor": 4 }, "geometry": { "type": "Point", "coordinates": [ 305.044955178891996, 252.619785830875827 ] } },
{ "type": "Feature", "properties": { "building_id": 3, "point_id": 126, "floor": 4 }, "geometry": { "type": "Point", "coordinates": [ 310.472895934821224, 248.845493741141354 ] } },
{ "type": "Feature", "properties": { "building_id": 3, "point_id": 127, "floor": 5 }, "geometry": { "type": "Point", "coordinates": [ 330.419748466378735, 253.959940128029814 ] } },
{ "type": "Feature", "properties": { "building_id": 3, "point_id": 128, "floor": 6 }, "geometry": { "type": "Point", "coordinates": [ 324.814327017054666, 249.09410506713283 ] } },
{ "type": "Feature", "properties": { "building_id": 3, "point_id": 129, "floor": 5 }, "geometry": { "type": "Point", "coordinates": [ 311.503000245849364, 251.521530526892604 ] } },
{ "type": "Feature", "properties": { "building_id": 3, "point_id": 130, "floor": 2 }, "geometry": { "type": "Point", "coordinates": [ 306.082478164083739, 257.726763093971897 ] } },
{ "type": "Feature", "properties": { "building_id": 3, "point_id": 131, "floor": 2 }, "geometry": { "type": "Point", "coordinates": [ 325.189223343775325, 255.106524809258758 ] } },
{ "type": "Feature", "properties": { "building_id": 3, "point_id": 132, "floor": 5 }, "geometry": { "type": "Point", "coordinates": [ 311.018390839202596, 249.132473667543763 ] } },
{ "type": "Feature", "properties": { "building_id": 3, "point_id": 133, "floor": 6 }, "geometry": { "type": "Point", "coordinates": [ 305.314385686667038, 256.084115245854605 ] } },
{ "type": "Feature", "properties": { "building_id": 3, "point_id": 134, "floor": 5 }, "geometry": { "type": "Point", "coordinates": [ 327.689353594556053, 256.25072021344829 ] } },
{ "type": "Feature", "properties": { "building_id": 3, "point_id": 135, "floor": 1 }, "geometry": { "type": "Point", "coordinates": [ 317.842779483658944, 249.152503973210486 ] } },
{ "type": "Feature", "properties": { "building_id": 3, "point_id": 136, "floor": 6 }, "geometry": { "type": "Point", "coordinates": [ 326.419169824977246, 253.746149631477124 ] } },
{ "type": "Feature", "properties": { "building_id": 3, "point_id": 137, "floor": 5 }, "geometry": { "type": "Point", "coordinates": [ 306.158496348211713, 251.57931400807206 ] } },
{ "type": "Feature", "properties": { "building_id": 3, "point_id": 138, "floor": 4 }, "geometry": { "type": "Point", "coordinates": [ 308.679408947164404, 252.093671695779989 ] } },
{ "type": "Feature", "properties": { "building_id": 3, "point_id": 139, "floor": 3 }, "geometry": { "type": "Point", "coordinates": [ 316.6793372009123, 254.692258347012285 ] } },
{ "type": "Feature", "properties": { "building_id": 3, "point_id": 140, "floor": 2 }, "geometry": { "type": "Point", "coordinates": [ 304.662057476233258, 254.391881686967878 ] } },
{ "type": "Feature", "properties": { "building_id": 3, "point_id": 141, "floor": 4 }, "geometry": { "type": "Point", "coordinates": [ 329.530479060726407, 255.287953238399723 ] } },
{ "type": "Feature", "properties": { "building_id": 3, "point_id": 142, "floor": 1 }, "geometry": { "type": "Point", "coordinates": [ 317.697597006214323, 253.472250952970597 ] } },
{ "type": "Feature", "properties": { "building_id": 3, "point_id": 143, "floor": 3 }, "geometry": { "type": "Point", "coordinates": [ 311.420351303157645, 250.699829542455859 ] } },
{ "type": "Feature", "properties": { "building_id": 3, "point_id": 144, "floor": 1 }, "geometry": { "type": "Point", "coordinates": [ 320.954520778479207, 256.296370313085106 ] } },
{ "type": "Feature", "properties": { "building_id": 3, "point_id": 145, "floor": 3 }, "geometry": { "type": "Point", "coordinates": [ 318.640906333822272, 250.889584971757216 ] } },
{ "type": "Feature", "properties": { "building_id": 3, "point_id": 146, "floor": 5 }, "geometry": { "type": "Point", "coordinates": [ 310.731231228265926, 253.916066047418951 ] } },
{ "type": "Feature", "properties": { "building_id": 3, "point_id": 147, "floor": 6 }, "geometry": { "type": "Point", "coordinates": [ 329.165903350964356, 255.172353608825915 ] } },
{ "type": "Feature", "properties": { "building_id": 3, "point_id": 148, "floor": 4 }, "geometry": { "type": "Point", "coordinates": [ 318.534542890566286, 250.3328050558342 ] } },
{ "type": "Feature", "properties": { "building_id": 3, "point_id": 149, "floor": 3 }, "geometry": { "type": "Point", "coordinates": [ 334.438431334422489, 256.221552527342851 ] } },
{ "type": "Feature", "properties": { "building_id": 3, "point_id": 150, "floor": 1 }, "geometry": { "type": "Point", "coordinates": [ 309.880755709329605, 254.740135897144427 ] } },
{ "type": "Feature", "properties": { "building_id": 3, "point_id": 151, "floor": 2 }, "geometry": { "type": "Point", "coordinates": [ 324.244687285996179, 252.067260963621777 ] } },
{ "type": "Feature", "properties": { "building_id": 3, "point_id": 152, "floor": 2 }, "geometry": { "type": "Point", "coordinates": [ 311.703135099349595, 253.08683208230164 ] } },
{ "type": "Feature", "properties": { "building_id": 3, "point_id": 153, "floor": 4 }, "geometry": { "type": "Point", "coordinates": [ 323.13961105676259, 256.062223110909315 ] } },
{ "type": "Feature", "properties": { "building_id": 3, "point_id": 154, "floor": 5 }, "geometry": { "type": "Point", "coordinates": [ 329.542583445950015, 248.03713190049578 ] } },
{ "type": "Feature", "properties": { "building_id": 3, "point_id": 155, "floor": 5 }, "geometry": { "type": "Point", "coordinates": [ 335.370498273508815, 255.137835888470136 ] } },
{ "type": "Feature", "properties": { "building_id": 3, "point_id": 156, "floor": 4 }, "geometry": { "type": "Point", "coordinates": [ 310.719975675189232, 249.283379816260123 ] } },
{ "type": "Feature", "properties": { "building_id": 3, "point_id": 157, "floor": 6 }, "geometry": { "type": "Point", "coordinates": [ 310.443734116605583, 256.338910075185652 ] } },
{ "type": "Feature", "properties": { "building_id": 3, "point_id": 158, "floor": 4 }, "geometry": { "type": "Point", "coordinates": [ 334.863037113460621, 253.981641554078692 ] } },
{ "type": "Feature", "properties": { "building_id": 3, "point_id": 159, "floor": 5 }, "geometry": { "type": "Point", "coordinates": [ 322.566724077461117, 254.764992081986776 ] } },
{ "type": "Feature", "properties": { "building_id": 3, "point_id": 160, "floor": 5 }, "geometry": { "type": "Point", "coordinates": [ 305.769719953165747, 249.421714137535588 ] } },
{ "type": "Feature", "properties": { "building_id": 3, "point_id": 161, "floor": 6 }, "geometry": { "type": "Point", "coordinates": [ 309.593393038501404, 249.704198355943504 ] } },
{ "type": "Feature", "properties": { "building_id": 3, "point_id": 162, "floor": 2 }, "geometry": { "type": "Point", "coordinates": [ 323.757388569827526, 253.309272749005174 ] } },
{ "type": "Feature", "properties": { "building_id": 3, "point_id": 163, "floor": 1 }, "geometry": { "type": "Point", "coordinates": [ 301.304311087328699, 249.082345712997949 ] } },
{ "type": "Feature", "properties": { "building_id": 3, "point_id": 164, "floor": 3 }, "geometry": { "type": "Point", "coordinates": [ 322.617102199286933, 251.822212260389591 ] } },
{ "type": "Feature", "properties": { "building_id": 3, "point_id": 165, "floor": 2 }, "geometry": { "type": "Point", "coordinates": [ 316.069160814639986, 250.110167220009942 ] } },
{ "type": "Feature", "properties": { "building_id": 3, "point_id": 166, "floor": 1 }, "geometry": { "type": "Point", "coordinates": [ 307.247782507843169, 254.800508019596293 ] } },
{ "type": "Feature", "properties": { "building_id": 3, "point_id": 167, "floor": 4 }, "geometry": { "type": "Point", "coordinates": [ 311.049071693469159, 251.002458438330052 ] } },
{ "type": "Feature", "properties": { "building_id": 3, "point_id": 168, "floor": 4 }, "geometry": { "type": "Point", "coordinates": [ 327.849676919224805, 255.127531880134256 ] } },
{ "type": "Feature", "properties": { "building_id": 3, "point_id": 169, "floor": 4 }, "geometry": { "type": "Point", "coordinates": [ 299.850060916581754, 256.877429469649314 ] } },
{ "type": "Feature", "properties": { "building_id": 3, "point_id": 170, "floor": 2 }, "geometry": { "type": "Point", "coordinates": [ 325.440047996011799, 254.816484765002002 ] } },
{ "type": "Feature", "properties": { "building_id": 3, "point_id": 171, "floor": 1 }, "geometry": { "type": "Point", "coordinates": [ 322.677479565203896, 250.637237580913023 ] } },
{ "type": "Feature", "properties": { "building_id": 3, "point_id": 172, "floor": 5 }, "geometry": { "type": "Point", "coordinates": [ 308.266788715764903, 252.103223872691927 ] } },
{ "type": "Feature", "properties": { "building_id": 3, "point_id": 173, "floor": 3 }, "geometry": { "type": "Point", "coordinates": [ 317.06610270529751, 253.156631201380151 ] } },
{ "type": "Feature", "properties": { "building_id": 3, "point_id": 174, "floor": 5 }, "geometry": { "type": "Point", "coordinates": [ 334.345615084781173, 253.084677946494679 ] } },
{ "type": "Feature", "properties": { "building_id": 3, "point_id": 175, "floor": 3 }, "geometry": { "type": "Point", "coordinates": [ 307.881291634418972, 256.833615120396303 ] } },
{ "type": "Feature", "properties": { "building_id": 3, "point_id": 176, "floor": 6 }, "geometry": { "type": "Point", "coordinates": [ 334.368804394021936, 255.049029593728875 ] } },
{ "type": "Feature", "properties": { "building_id": 3, "point_id": 177, "floor": 1 }, "geometry": { "type": "Point", "coordinates": [ 330.323291873109497, 250.565628737952693 ] } },
{ "type": "Feature", "properties": { "building_id": 3, "point_id": 178, "floor": 2 }, "geometry": { "type": "Point", "coordinates": [ 318.083929302630622, 257.080252337426487 ] } },
{ "type": "Feature", "properties": { "building_id": 3, "point_id": 179, "floor": 2 }, "geometry": { "type": "Point", "coordinates": [ 327.149161415287949, 250.727465002010518 ] } },
{ "type": "Feature", "properties": { "building_id": 3, "point_id": 180, "floor": 2 }, "geometry": { "type": "Point", "coordinates": [ 319.675779722448112, 254.122448884613078 ] } },
{ "type": "Feature", "properties": { "building_id": 3, "point_id": 181, "floor": 4 }, "geometry": { "type": "Point", "coordinates": [ 320.710286542800475, 249.354468175553762 ] } },
{ "type": "Feature", "properties": { "building_id": 3, "point_id": 182, "floor": 5 }, "geometry": { "type": "Point", "coordinates": [ 312.789568252003676, 252.456004062532344 ] } },
{ "type": "Feature", "properties": { "building_id": 3, "point_id": 183, "floor": 4 }, "geometry": { "type": "Point", "coordinates": [ 320.360419696540703, 253.113251396885033 ] } },
{ "type": "Feature", "properties": { "building_id": 3, "point_id": 184, "floor": 1 }, "geometry": { "type": "Point", "coordinates": [ 311.826919595681716, 256.25866935623884 ] } },
{ "type": "Feature", "properties": { "building_id": 3, "point_id": 185, "floor": 4 }, "geometry": { "type": "Point", "coordinates": [ 331.346838395429586, 251.023613350918509 ] } },
{ "type": "Feature", "properties": { "building_id": 3, "point_id": 186, "floor": 4 }, "geometry": { "type": "Point", "coordinates": [ 314.805707496808907, 253.454038655748064 ] } },
{ "type": "Feature", "properties": { "building_id": 3, "point_id": 187, "floor": 4 }, "geometry": { "type": "Point", "coordinates": [ 299.800232668412775, 253.017312712164426 ] } },
{ "type": "Feature", "properties": { "building_id": 3, "point_id": 188, "floor": 3 }, "geometry": { "type": "Point", "coordinates": [ 309.790900829017176, 253.647058611006344 ] } },
{ "type": "Feature", "properties": { "building_id": 3, "point_id": 189, "floor": 2 }, "geometry": { "type": "Point", "coordinates": [ 325.52697603446444, 254.369648502403066 ] } },
{ "type": "Feature", "properties": { "building_id": 3, "point_id": 190, "floor": 6 }, "geometry": { "type": "Point", "coordinates": [ 304.677580814004216, 258.072807988902696 ] } },
{ "type": "Feature", "properties": { "building_id": 3, "point_id": 191, "floor": 6 }, "geometry": { "type": "Point", "coordinates": [ 299.44601036414349, 256.567349346176741 ] } },
{ "type": "Feature", "properties": { "building_id": 3, "point_id": 192, "floor": 2 }, "geometry": { "type": "Point", "coordinates": [ 313.643600415218714, 248.46241198078954 ] } },
{ "type": "Feature", "properties": { "building_id": 3, "point_id": 193, "floor": 5 }, "geometry": { "type": "Point", "coordinates": [ 316.304454870355073, 257.126063316803879 ] } },
{ "type": "Feature", "properties": { "building_id": 3, "point_id": 194, "floor": 2 }, "geometry": { "type": "Point", "coordinates": [ 321.43719441405608, 254.831121090368441 ] } },
{ "type": "Feature", "properties": { "building_id": 3, "point_id": 195, "floor": 4 }, "geometry": { "type": "Point", "coordinates": [ 328.20981734520501, 251.684981939762224 ] } },
{ "type": "Feature", "properties": { "building_id": 3, "point_id": 196, "floor": 3 }, "geometry": { "type": "Point", "coordinates": [ 317.224639386767478, 249.511214819695454 ] } },
{ "type": "Feature", "properties": { "building_id": 3, "point_id": 197, "floor": 2 }, "geometry": { "type": "Point", "coordinates": [ 311.966871011504224, 250.571682182593804 ] } },
{ "type": "Feature", "properties": { "building_id": 3, "point_id": 198, "floor": 5 }, "geometry": { "type": "Point", "coordinates": [ 311.513906232431225, 251.676859558506152 ] } },
{ "type": "Feature", "properties": { "building_id": 3, "point_id": 199, "floor": 4 }, "geometry": { "type": "Point", "coordinates": [ 301.884917954811044, 251.119097485748057 ] } },
{ "type": "Feature", "properties": { "building_id": 3, "point_id": 200, "floor": 1 }, "geometry": { "type": "Point", "coordinates": [ 327.715203194811465, 248.485753271659433 ] } },
{ "type": "Feature", "properties": { "building_id": 3, "point_id": 201, "floor": 2 }, "geometry": { "type": "Point", "coordinates": [ 332.874002481281423, 253.80187376945409 ] } },
{ "type": "Feature", "properties": { "building_id": 3, "point_id": 202, "floor": 2 }, "geometry": { "type": "Point", "coordinates": [ 319.750315337044867, 255.761581620215281 ] } },
{ "type": "Feature", "properties": { "building_id": 3, "point_id": 203, "floor": 1 }, "geometry": { "type": "Point", "coordinates": [ 303.321528887875957, 255.717706738833186 ] } },
{ "type": "Feature", "properties": { "building_id": 3, "point_id": 204, "floor": 3 }, "geometry": { "type": "Point", "coordinates": [ 307.669364625816513, 253.422339615692692 ] } },
{ "type": "Feature", "properties": { "building_id": 3, "point_id": 205, "floor": 3 }, "geometry": { "type": "Point", "coordinates": [ 307.061112236989459, 250.709257515842097 ] } },
{ "type": "Feature", "properties": { "building_id": 3, "point_id": 206, "floor": 5 }, "geometry": { "type": "Point", "coordinates": [ 302.14648102261333, 250.443935935987383 ] } },
{ "type": "Feature", "properties": { "building_id": 3, "point_id": 207, "floor": 6 }, "geometry": { "type": "Point", "coordinates": [ 335.759796834499184, 248.281982905737607 ] } },
{ "type": "Feature", "properties": { "building_id": 3, "point_id": 208, "floor": 2 }, "geometry": { "type": "Point", "coordinates": [ 305.177519769127912, 249.703526028209552 ] } },
{ "type": "Feature", "properties": { "building_id": 3, "point_id": 209, "floor": 3 }, "geometry": { "type": "Point", "coordinates": [ 314.412873179101382, 256.480562105826209 ] } },
{ "type": "Feature", "properties": { "building_id": 3, "point_id": 210, "floor": 6 }, "geometry": { "type": "Point", "coordinates": [ 307.92261479385752, 253.153617594225352 ] } },
{ "type": "Feature", "properties": { "building_id": 3, "point_id": 211, "floor": 3 }, "geometry": { "type": "Point", "coordinates": [ 315.810450138162082, 252.196238205544148 ] } },
{ "type": "Feature", "properties": { "building_id": 3, "point_id": 212, "floor": 3 }, "geometry": { "type": "Point", "coordinates": [ 312.192288093279728, 257.008308964285902 ] } },
{ "type": "Feature", "properties": { "building_id": 3, "point_id": 213, "floor": 2 }, "geometry": { "type": "Point", "coordinates": [ 329.447260162330736, 251.918511048132586 ] } },
{ "type": "Feature", "properties": { "building_id": 3, "point_id": 214, "floor": 2 }, "geometry": { "type": "Point", "coordinates": [ 300.368373187106386, 251.243072995856494 ] } },
{ "type": "Feature", "properties": { "building_id": 3, "point_id": 215, "floor": 5 }, "geometry": { "type": "Point", "coordinates": [ 333.299679707147618, 255.348054739330593 ] } },
{ "type": "Feature", "properties": { "building_id": 3, "point_id": 216, "floor": 2 }, "geometry": { "type": "Point", "coordinates": [ 304.163301324413453, 253.97346786096918 ] } },
{ "type": "Feature", "properties": { "building_id": 3, "point_id": 217, "floor": 1 }, "geometry": { "type": "Point", "coordinates": [ 322.485190257001932, 254.536346095514972 ] } },
{ "type": "Feature", "properties": { "building_id": 3, "point_id": 218, "floor": 2 }, "geometry": { "type": "Point", "coordinates": [ 313.373307183900579, 253.610922025823641 ] } },
{ "type": "Feature", "properties": { "building_id": 3, "point_id": 219, "floor": 5 }, "geometry": { "type": "Point", "coordinates": [ 304.442138572105193, 252.88710182722275 ] } },
{ "type": "Feature", "properties": { "building_id": 3, "point_id": 220, "floor": 2 }, "geometry": { "type": "Point", "coordinates": [ 310.01065136824144, 255.414793300774306 ] } },
{ "type": "Feature", "properties": { "building_id": 3, "point_id": 221, "floor": 5 }, "geometry": { "type": "Point", "coordinates": [ 301.127263626800016, 257.264755197627039 ] } },
{ "type": "Feature", "properties": { "building_id": 3, "point_id": 222, "floor": 5 }, "geometry": { "type": "Point", "coordinates": [ 328.225535060088191, 255.424985405261708 ] } },
{ "type": "Feature", "properties": { "building_id": 3, "point_id": 223, "floor": 5 }, "geometry": { "type": "Point", "coordinates": [ 334.024592695301124, 254.931065323484717 ] } },
{ "type": "Feature", "properties": { "building_id": 3, "point_id": 224, "floor": 5 }, "geometry": { "type": "Point", "coordinates": [ 313.610596193145795, 256.773182119498017 ] } },
{ "type": "Feature", "properties": { "building_id": 3, "point_id": 225, "floor": 3 }, "geometry": { "type": "Point", "coordinates": [ 319.585017460033498, 254.857063782154029 ] } },
{ "type": "Feature", "properties": { "building_id": 3, "point_id": 226, "floor": 3 }, "geometry": { "type": "Point", "coordinates": [ 333.731341372693237, 255.612115085449034 ] } },
{ "type": "Feature", "properties": { "building_id": 3, "point_id": 227, "floor": 1 }, "geometry": { "type": "Point", "coordinates": [ 318.909383423994313, 252.977022989822274 ] } },
{ "type": "Feature", "properties": { "building_id": 3, "point_id": 228, "floor": 6 }, "geometry": { "type": "Point", "coordinates": [ 328.578182784876333, 254.158537544590871 ] } },
{ "type": "Feature", "properties": { "building_id": 3, "point_id": 229, "floor": 2 }, "geometry": { "type": "Point", "coordinates": [ 312.356031688362293, 249.308659333557387 ] } },
{ "type": "Feature", "properties": { "building_id": 3, "point_id": 230, "floor": 5 }, "geometry": { "type": "Point", "coordinates": [ 323.674471981773877, 254.370630869154752 ] } },
{ "type": "Feature", "properties": { "building_id": 3, "point_id": 231, "floor": 1 }, "geometry": { "type": "Point", "coordinates": [ 331.779552689663262, 253.446915662216639 ] } },
{ "type": "Feature", "properties": { "building_id": 3, "point_id": 232, "floor": 1 }, "geometry": { "type": "Point", "coordinates": [ 303.961332057926825, 252.346754587764053 ] } },
{ "type": "Feature", "properties": { "building_id": 3, "point_id": 233, "floor": 4 }, "geometry": { "type": "Point", "coordinates": [ 334.950833375599473, 255.762844555212865 ] } },
{ "type": "Feature", "properties": { "building_id": 3, "point_id": 234, "floor": 2 }, "geometry": { "type": "Point", "coordinates": [ 329.569002329085606, 251.117201862856973 ] } },
{ "type": "Feature", "properties": { "building_id": 3, "point_id": 235, "floor": 1 }, "geometry": { "type": "Point", "coordinates": [ 315.929376614822161, 257.109987209270287 ] } },
{ "type": "Feature", "properties": { "building_id": 3, "point_id": 236, "floor": 3 }, "geometry": { "type": "Point", "coordinates": [ 321.298487277151253, 252.212296769521771 ] } },
{ "type": "Feature", "properties": { "building_id": 3, "point_id": 237, "floor": 5 }, "geometry": { "type": "Point", "coordinates": [ 320.576732474156074, 255.521537491554994 ] } },
{ "type": "Feature", "properties": { "building_id": 3, "point_id": 238, "floor": 1 }, "geometry": { "type": "Point", "coordinates": [ 331.386037009653023, 252.936768355264832 ] } },
{ "type": "Feature", "properties": { "building_id": 3, "point_id": 239, "floor": 3 }, "geometry": { "type": "Point", "coordinates": [ 312.276150320018417, 250.706447154109213 ] } },
{ "type": "Feature", "properties": { "building_id": 3, "point_id": 240, "floor": 2 }, "geometry": { "type": "Point", "coordinates": [ 328.531215723087314, 253.956421650532633 ] } },
{ "type": "Feature", "properties": { "building_id": 3, "point_id": 241, "floor": 4 }, "geometry": { "type": "Point", "coordinates": [ 333.441213241237392, 247.971273493565974 ] } },
{ "type": "Feature", "properties": { "building_id": 3, "point_id": 242, "floor": 4 }, "geometry": { "type": "Point", "coordinates": [ 318.730578083227442, 253.271805238953505 ] } },
{ "type": "Feature", "properties": { "building_id": 3, "point_id": 243, "floor": 2 }, "geometry": { "type": "Point", "coordinates": [ 303.936008661624157, 249.955443549897325 ] } },
{ "type": "Feature", "properties": { "building_id": 3, "point_id": 244, "floor": 5 }, "geometry": { "type": "Point", "coordinates": [ 299.970166295508989, 257.612640919578723 ] } },
{ "type": "Feature", "properties": { "building_id": 3, "point_id": 245, "floor": 6 }, "geometry": { "type": "Point", "coordinates": [ 317.522974844653959, 252.756294521671293 ] } },
{ "type": "Feature", "properties": { "building_id": 3, "point_id": 246, "floor": 1 }, "geometry": { "type": "Point", "coordinates": [ 310.354097211398312, 254.646844055245822 ] } },
{ "type": "Feature", "properties": { "building_id": 3, "point_id": 247, "floor": 1 }, "geometry": { "type": "Point", "coordinates": [ 307.622208998169015, 255.776812169001232 ] } },
{ "type": "Feature", "properties": { "building_id": 3, "point_id": 248, "floor": 3 }, "geometry": { "type": "Point", "coordinates": [ 312.516907239347404, 256.148992999157883 ] } },
{ "type": "Feature", "properties": { "building_id": 3, "point_id": 249, "floor": 3 }, "geometry": { "type": "Point", "coordinates": [ 331.546492394313475, 250.512519735322087 ] } },
{ "type": "Feature", "properties": { "building_id": 3, "point_id": 250, "floor": 1 }, "geometry": { "type": "Point", "coordinates": [ 302.368408649803371, 249.15472326598757 ] } },
{ "type": "Feature", "properties": { "building_id": 3, "point_id": 251, "floor": 5 }, "geometry": { "type": "Point", "coordinates": [ 314.78973178192723, 250.570685891790731 ] } },
{ "type": "Feature", "properties": { "building_id": 3, "point_id": 252, "floor": 1 }, "geometry": { "type": "Point", "coordinates": [ 326.501164400517837, 256.774798886614974 ] } },
{ "type": "Feature", "properties": { "building_id": 3, "point_id": 253, "floor": 3 }, "geometry": { "type": "Point", "coordinates": [ 317.419504477274415, 256.145063220307577 ] } },
{ "type": "Feature", "properties": { "building_id": 3, "point_id": 254, "floor": 1 }, "geometry": { "type": "Point", "coordinates": [ 312.759089459348445, 250.752330048033343 ] } },
{ "type": "Feature", "properties": { "building_id": 3, "point_id": 255, "floor": 6 }, "geometry": { "type": "Point", "coordinates": [ 300.050957854394937, 254.161472940725332 ] } },
{ "type": "Feature", "properties": { "building_id": 3, "point_id": 256, "floor": 4 }, "geometry": { "type": "Point", "coordinates": [ 313.954994416475529, 256.296100004103209 ] } },
{ "type": "Feature", "properties": { "building_id": 3, "point_id": 257, "floor": 5 }, "geometry": { "type": "Point", "coordinates": [ 326.817037675177858, 255.817633140461965 ] } },
{ "type": "Feature", "properties": { "building_id": 3, "point_id": 258, "floor": 1 }, "geometry": { "type": "Point", "coordinates": [ 325.499316357145801, 249.692225378988013 ] } },
{ "type": "Feature", "properties": { "building_id": 3, "point_id": 259, "floor": 6 }, "geometry": { "type": "Point", "coordinates": [ 315.606181384785543, 249.196082041436597 ] } },
{ "type": "Feature", "properties": { "building_id": 3, "point_id": 260, "floor": 6 }, "geometry": { "type": "Point", "coordinates": [ 311.943468146752764, 254.187471052643787 ] } },
{ "type": "Feature", "properties": { "building_id": 3, "point_id": 261, "floor": 2 }, "geometry": { "type": "Point", "coordinates": [ 315.72989345490231, 255.695410430153174 ] } },
{ "type": "Feature", "properties": { "building_id": 3, "point_id": 262, "floor": 3 }, "geometry": { "type": "Point", "coordinates": [ 311.074835348649174, 251.88573594693645 ] } },
{ "type": "Feature", "properties": { "building_id": 3, "point_id": 263, "floor": 6 }, "geometry": { "type": "Point", "coordinates": [ 305.489107599798444, 254.848765598146315 ] } },
{ "type": "Feature", "properties": { "building_id": 3, "point_id": 264, "floor": 1 }, "geometry": { "type": "Point", "coordinates": [ 331.096194327828016, 256.184451876040896 ] } },
{ "type": "Feature", "properties": { "building_id": 3, "point_id": 265, "floor": 6 }, "geometry": { "type": "Point", "coordinates": [ 311.096488142119597, 251.976272349079153 ] } },
{ "type": "Feature", "properties": { "building_id": 3, "point_id": 266, "floor": 6 }, "geometry": { "type": "Point", "coordinates": [ 305.087042296241407, 251.852465111952881 ] } },
{ "type": "Feature", "properties": { "building_id": 3, "point_id": 267, "floor": 6 }, "geometry": { "type": "Point", "coordinates": [ 322.340417303863035, 249.259686978813619 ] } },
{ "type": "Feature", "properties": { "building_id": 3, "point_id": 268, "floor": 3 }, "geometry": { "type": "Point", "coordinates": [ 325.173078903533906, 256.252216725267999 ] } },
{ "type": "Feature", "properties": { "building_id": 3, "point_id": 269, "floor": 1 }, "geometry": { "type": "Point", "coordinates": [ 324.135195701751854, 255.87258596521383 ] } },
{ "type": "Feature", "properties": { "building_id": 3, "point_id": 270, "floor": 2 }, "geometry": { "type": "Point", "coordinates": [ 324.029975273023013, 250.257021528974718 ] } },
{ "type": "Feature", "properties": { "building_id": 3, "point_id": 271, "floor": 2 }, "geometry": { "type": "Point", "coordinates": [ 333.554300321551864, 251.818905385195819 ] } },
{ "type": "Feature", "properties": { "building_id": 3, "point_id": 272, "floor": 5 }, "geometry": { "type": "Point", "coordinates": [ 305.622538688352506, 249.635882005692821 ] } },
{ "type": "Feature", "properties": { "building_id": 3, "point_id": 273, "floor": 2 }, "geometry": { "type": "Point", "coordinates": [ 309.982015810286782, 256.915234574799172 ] } },
{ "type": "Feature", "properties": { "building_id": 3, "point_id": 274, "floor": 6 }, "geometry": { "type": "Point", "coordinates": [ 310.662487484007102, 251.118887601683753 ] } },
{ "type": "Feature", "properties": { "building_id": 3, "point_id": 275, "floor": 2 }, "geometry": { "type": "Point", "coordinates": [ 310.708375770000202, 252.155625248511654 ] } },
{ "type": "Feature", "properties": { "building_id": 3, "point_id": 276, "floor": 1 }, "geometry": { "type": "Point", "coordinates": [ 301.347997363619868, 251.194708294888244 ] } },
{ "type": "Feature", "properties": { "building_id": 3, "point_id": 277, "floor": 1 }, "geometry": { "type": "Point", "coordinates": [ 315.965113519310194, 257.070637619459433 ] } },
{ "type": "Feature", "properties": { "building_id": 3, "point_id": 278, "floor": 1 }, "geometry": { "type": "Point", "coordinates": [ 329.151243952194022, 255.237363177348641 ] } },
{ "type": "Feature", "properties": { "building_id": 3, "point_id": 279, "floor": 6 }, "geometry": { "type": "Point", "coordinates": [ 306.562070390805445, 249.205444225341836 ] } },
{ "type": "Feature", "properties": { "building_id": 3, "point_id": 280, "floor": 3 }, "geometry": { "type": "Point", "coordinates": [ 314.709160860382497, 253.689470054386987 ] } },
{ "type": "Feature", "properties": { "building_id": 3, "point_id": 281, "floor": 4 }, "geometry": { "type": "Point", "coordinates": [ 332.575830285716108, 250.53170128506838 ] } },
{ "type": "Feature", "properties": { "building_id": 3, "point_id": 282, "floor": 6 }, "geometry": { "type": "Point", "coordinates": [ 309.912320554719884, 249.175051406410205 ] } },
{ "type": "Feature", "properties": { "building_id": 3, "point_id": 283, "floor": 1 }, "geometry": { "type": "Point", "coordinates": [ 300.606449754789253, 256.341648588946725 ] } },
{ "type": "Feature", "properties": { "building_id": 3, "point_id": 284, "floor": 3 }, "geometry": { "type": "Point", "coordinates": [ 329.789635039080622, 251.796864566471356 ] } },
{ "type": "Feature", "properties": { "building_id": 3, "point_id": 285, "floor": 5 }, "geometry": { "type": "Point", "coordinates": [ 336.267160034761105, 250.007251951285241 ] } },
{ "type": "Feature", "properties": { "building_id": 3, "point_id": 286, "floor": 5 }, "geometry": { "type": "Point", "coordinates": [ 317.434451049179586, 251.443128921689862 ] } },
{ "type": "Feature", "properties": { "building_id": 3, "point_id": 287, "floor": 3 }, "geometry": { "type": "Point", "coordinates": [ 299.38648783780161, 252.20566213836679 ] } },
{ "type": "Feature", "properties": { "building_id": 3, "point_id": 288, "floor": 3 }, "geometry": { "type": "Point", "coordinates": [ 307.036201115392828, 253.466903823499621 ] } },
{ "type": "Feature", "properties": { "building_id": 3, "point_id": 289, "floor": 1 }, "geometry": { "type": "Point", "coordinates": [ 330.859983597538758, 251.155094896543972 ] } },
{ "type": "Feature", "properties": { "building_id": 3, "point_id": 290, "floor": 6 }, "geometry": { "type": "Point", "coordinates": [ 328.612391701274248, 254.82799502417771 ] } },
{ "type": "Feature", "properties": { "building_id": 3, "point_id": 291, "floor": 5 }, "geometry": { "type": "Point", "coordinates": [ 327.724263715072311, 253.31773273105199 ] } },
{ "type": "Feature", "properties": { "building_id": 3, "point_id": 292, "floor": 2 }, "geometry": { "type": "Point", "coordinates": [ 308.364112394948222, 256.892949519978629 ] } },
{ "type": "Feature", "properties": { "building_id": 3, "point_id": 293, "floor": 3 }, "geometry": { "type": "Point", "coordinates": [ 325.612483703411726, 249.853548787738532 ] } },
{ "type": "Feature", "properties": { "building_id": 3, "point_id": 294, "floor": 2 }, "geometry": { "type": "Point", "coordinates": [ 316.1064050114054, 252.672310470033921 ] } },
{ "type": "Feature", "properties": { "building_id": 3, "point_id": 295, "floor": 5 }, "geometry": { "type": "Point", "coordinates": [ 315.634346141982519, 251.949537798406652 ] } },
{ "type": "Feature", "properties": { "building_id": 3, "point_id": 296, "floor": 5 }, "geometry": { "type": "Point", "coordinates": [ 309.817899677574417, 255.494584941637783 ] } },
{ "type": "Feature", "properties": { "building_id": 3, "point_id": 297, "floor": 5 }, "geometry": { "type": "Point", "coordinates": [ 330.162654154269831, 255.318335212856482 ] } },
{ "type": "Feature", "properties": { "building_id": 3, "point_id": 298, "floor": 6 }, "geometry": { "type": "Point", "coordinates": [ 332.598414602310186, 253.196106315504466 ] } },
{ "type": "Feature", "properties": { "building_id": 3, "point_id": 299, "floor": 6 }, "geometry": { "type": "Point", "coordinates": [ 322.813278387098819, 256.008598235889451 ] } },
{ "type": "Feature", "properties": { "building_id": 3, "point_id": 300, "floor": 5 }, "geometry": { "type": "Point", "coordinates": [ 302.139754116643189, 256.675565779250974 ] } },
{ "type": "Feature", "properties": { "building_id": 3, "point_id": 301, "floor": 2 }, "geometry": { "type": "Point", "coordinates": [ 304.501827623240899, 254.66031437980439 ] } },
{ "type": "Feature", "properties": { "building_id": 3, "point_id": 302, "floor": 5 }, "geometry": { "type": "Point", "coordinates": [ 313.498377010773368, 252.745952525229995 ] } },
{ "type": "Feature", "properties": { "building_id": 3, "point_id": 303, "floor": 2 }, "geometry": { "type": "Point", "coordinates": [ 324.160053672769038, 248.533554797910057 ] } },
{ "type": "Feature", "properties": { "building_id": 3, "point_id": 304, "floor": 2 }, "geometry": { "type": "Point", "coordinates": [ 322.611253455131305, 254.694486128006957 ] } },
{ "type": "Feature", "properties": { "building_id": 3, "point_id": 305, "floor": 2 }, "geometry": { "type": "Point", "coordinates": [ 326.176628820272015, 249.305561267094873 ] } },
{ "type": "Feature", "properties": { "building_id": 3, "point_id": 306, "floor": 6 }, "geometry": { "type": "Point", "coordinates": [ 323.524415980498247, 254.938025276332041 ] } },
{ "type": "Feature", "properties": { "building_id": 3, "point_id": 307, "floor": 4 }, "geometry": { "type": "Point", "coordinates": [ 332.867029938458018, 255.387043441672404 ] } },
{ "type": "Feature", "properties": { "building_id": 3, "point_id": 308, "floor": 6 }, "geometry": { "type": "Point", "coordinates": [ 315.635498395017521, 252.490025093040344 ] } },
{ "type": "Feature", "properties": { "building_id": 3, "point_id": 309, "floor": 5 }, "geometry": { "type": "Point", "coordinates": [ 312.856299393436529, 255.194241506525287 ] } },
{ "type": "Feature", "properties": { "building_id": 3, "point_id": 310, "floor": 6 }, "geometry": { "type": "Point", "coordinates": [ 301.394087901646742, 248.732902977768418 ] } },
{ "type": "Feature", "properties": { "building_id": 3, "point_id": 311, "floor": 1 }, "geometry": { "type": "Point", "coordinates": [ 333.476582808376406, 254.674191299643553 ] } },
{ "type": "Feature", "properties": { "building_id": 3, "point_id": 312, "floor": 3 }, "geometry": { "type": "Point", "coordinates": [ 327.588914916812143, 250.331161328609397 ] } },
{ "type": "Feature", "properties": { "building_id": 3, "point_id": 313, "floor": 3 }, "geometry": { "type": "Point", "coordinates": [ 322.28221776753378, 256.785286502626377 ] } },
{ "type": "Feature", "properties": { "building_id": 3, "point_id": 314, "floor": 2 }, "geometry": { "type": "Point", "coordinates": [ 336.149494226786715, 252.666420565005353 ] } },
{ "type": "Feature", "properties": { "building_id": 3, "point_id": 315, "floor": 2 }, "geometry": { "type": "Point", "coordinates": [ 311.169406661245262, 250.597908759075011 ] } },
{ "type": "Feature", "properties": { "building_id": 3, "point_id": 316, "floor": 4 }, "geometry": { "type": "Point", "coordinates": [ 300.353454403679052, 253.744601626155202 ] } },
{ "type": "Feature", "properties": { "building_id": 3, "point_id": 317, "floor": 5 }, "geometry": { "type": "Point", "coordinates": [ 314.852979162681663, 257.213312447148382 ] } },
{ "type": "Feature", "properties": { "building_id": 4, "point_id": 0, "floor": 1 }, "geometry": { "type": "Point", "coordinates": [ 356.046481384996639, 224.100088541690667 ] } },
{ "type": "Feature", "properties": { "building_id": 4, "point_id": 1, "floor": 6 }, "geometry": { "type": "Point", "coordinates": [ 372.915254904450592, 219.107026663169393 ] } },
{ "type": "Feature", "properties": { "building_id": 4, "point_id": 2, "floor": 4 }, "geometry": { "type": "Point", "coordinates": [ 366.578930311499505, 215.79552381805064 ] } },
{ "type": "Feature", "properties": { "building_id": 4, "point_id": 3, "floor": 5 }, "geometry": { "type": "Point", "coordinates": [ 360.29880230439511, 224.200840068788608 ] } },
{ "type": "Feature", "properties": { "building_id": 4, "point_id": 4, "floor": 6 }, "geometry": { "type": "Point", "coordinates": [ 370.658126287063226, 216.188797513196988 ] } },
{ "type": "Feature", "properties": { "building_id": 4, "point_id": 5, "floor": 2 }, "geometry": { "type": "Point", "coordinates": [ 379.001500893287414, 215.287931591856591 ] } },
{ "type": "Feature", "properties": { "building_id": 4, "point_id": 6, "floor": 5 }, "geometry": { "type": "Point", "coordinates": [ 373.031470282086445, 217.228476507692022 ] } },
{ "type": "Feature", "properties": { "building_id": 4, "point_id": 7, "floor": 2 }, "geometry": { "type": "Point", "coordinates": [ 355.409473370849298, 222.234721155492053 ] } },
{ "type": "Feature", "properties": { "building_id": 4, "point_id": 8, "floor": 2 }, "geometry": { "type": "Point", "coordinates": [ 371.114285588989276, 215.628534816561967 ] } },
{ "type": "Feature", "properties": { "building_id": 4, "point_id": 9, "floor": 6 }, "geometry": { "type": "Point", "coordinates": [ 376.323639308344696, 220.584532643306829 ] } },
{ "type": "Feature", "properties": { "building_id": 4, "point_id": 10, "floor": 6 }, "geometry": { "type": "Point", "coordinates": [ 360.590742127205374, 223.048026733121617 ] } },
{ "type": "Feature", "properties": { "building_id": 4, "point_id": 11, "floor": 6 }, "geometry": { "type": "Point", "coordinates": [ 382.283142494992774, 218.238930120976022 ] } },
{ "type": "Feature", "properties": { "building_id": 4, "point_id": 12, "floor": 3 }, "geometry": { "type": "Point", "coordinates": [ 370.496976613471418, 218.982629997364796 ] } },
{ "type": "Feature", "properties": { "building_id": 4, "point_id": 13, "floor": 2 }, "geometry": { "type": "Point", "coordinates": [ 373.795902331702507, 221.799756475042102 ] } },
{ "type": "Feature", "properties": { "building_id": 4, "point_id": 14, "floor": 5 }, "geometry": { "type": "Point", "coordinates": [ 372.312762570154177, 218.629474150767606 ] } },
{ "type": "Feature", "properties": { "building_id": 4, "point_id": 15, "floor": 5 }, "geometry": { "type": "Point", "coordinates": [ 383.881360669167009, 218.13224567813009 ] } },
{ "type": "Feature", "properties": { "building_id": 4, "point_id": 16, "floor": 5 }, "geometry": { "type": "Point", "coordinates": [ 374.8412072853111, 220.008333148901869 ] } },
{ "type": "Feature", "properties": { "building_id": 4, "point_id": 17, "floor": 2 }, "geometry": { "type": "Point", "coordinates": [ 375.263570285813671, 221.986712470179214 ] } },
{ "type": "Feature", "properties": { "building_id": 4, "point_id": 18, "floor": 5 }, "geometry": { "type": "Point", "coordinates": [ 364.178299463896622, 218.147874624011507 ] } },
{ "type": "Feature", "properties": { "building_id": 4, "point_id": 19, "floor": 6 }, "geometry": { "type": "Point", "coordinates": [ 378.008399752953892, 216.168160414979241 ] } },
{ "type": "Feature", "properties": { "building_id": 4, "point_id": 20, "floor": 6 }, "geometry": { "type": "Point", "coordinates": [ 374.103750851383722, 219.916795443022409 ] } },
{ "type": "Feature", "properties": { "building_id": 4, "point_id": 21, "floor": 5 }, "geometry": { "type": "Point", "coordinates": [ 371.65768079638616, 222.939717360942836 ] } },
{ "type": "Feature", "properties": { "building_id": 4, "point_id": 22, "floor": 4 }, "geometry": { "type": "Point", "coordinates": [ 372.70261625327737, 223.901700456262034 ] } },
{ "type": "Feature", "properties": { "building_id": 4, "point_id": 23, "floor": 6 }, "geometry": { "type": "Point", "coordinates": [ 370.749221801240139, 220.59268604130574 ] } },
{ "type": "Feature", "properties": { "building_id": 4, "point_id": 24, "floor": 2 }, "geometry": { "type": "Point", "coordinates": [ 368.050204252686569, 219.347030643533117 ] } },
{ "type": "Feature", "properties": { "building_id": 4, "point_id": 25, "floor": 2 }, "geometry": { "type": "Point", "coordinates": [ 368.567266736573288, 218.136844563477439 ] } },
{ "type": "Feature", "properties": { "building_id": 4, "point_id": 26, "floor": 4 }, "geometry": { "type": "Point", "coordinates": [ 361.577043599881449, 217.750593483581895 ] } },
{ "type": "Feature", "properties": { "building_id": 4, "point_id": 27, "floor": 4 }, "geometry": { "type": "Point", "coordinates": [ 374.846495528720197, 224.206380730583106 ] } },
{ "type": "Feature", "properties": { "building_id": 4, "point_id": 28, "floor": 6 }, "geometry": { "type": "Point", "coordinates": [ 360.434272726568565, 220.086566010902345 ] } },
{ "type": "Feature", "properties": { "building_id": 4, "point_id": 29, "floor": 1 }, "geometry": { "type": "Point", "coordinates": [ 367.786638128543245, 215.128960188598512 ] } },
{ "type": "Feature", "properties": { "building_id": 4, "point_id": 30, "floor": 4 }, "geometry": { "type": "Point", "coordinates": [ 380.318590588462939, 215.267981828064762 ] } },
{ "type": "Feature", "properties": { "building_id": 4, "point_id": 31, "floor": 3 }, "geometry": { "type": "Point", "coordinates": [ 373.062779887752754, 217.526802673311835 ] } },
{ "type": "Feature", "properties": { "building_id": 4, "point_id": 32, "floor": 1 }, "geometry": { "type": "Point", "coordinates": [ 356.006278502331668, 215.03294953005306 ] } },
{ "type": "Feature", "properties": { "building_id": 4, "point_id": 33, "floor": 5 }, "geometry": { "type": "Point", "coordinates": [ 378.297513228976072, 223.173586835679686 ] } },
{ "type": "Feature", "properties": { "building_id": 4, "point_id": 34, "floor": 6 }, "geometry": { "type": "Point", "coordinates": [ 370.875703360632997, 215.469052097201057 ] } },
{ "type": "Feature", "properties": { "building_id": 4, "point_id": 35, "floor": 6 }, "geometry": { "type": "Point", "coordinates": [ 379.450465162037744, 217.227674966440617 ] } },
{ "type": "Feature", "properties": { "building_id": 4, "point_id": 36, "floor": 2 }, "geometry": { "type": "Point", "coordinates": [ 369.718428794543229, 218.632213404024753 ] } },
{ "type": "Feature", "properties": { "building_id": 4, "point_id": 37, "floor": 1 }, "geometry": { "type": "Point", "coordinates": [ 365.969185829043909, 215.23200950817079 ] } },
{ "type": "Feature", "properties": { "building_id": 4, "point_id": 38, "floor": 4 }, "geometry": { "type": "Point", "coordinates": [ 349.552340733397216, 224.227437374567387 ] } },
{ "type": "Feature", "properties": { "building_id": 4, "point_id": 39, "floor": 5 }, "geometry": { "type": "Point", "coordinates": [ 369.179479435274686, 221.24476383982892 ] } },
{ "type": "Feature", "properties": { "building_id": 4, "point_id": 40, "floor": 1 }, "geometry": { "type": "Point", "coordinates": [ 370.745084003089573, 222.39907626199286 ] } },
{ "type": "Feature", "properties": { "building_id": 4, "point_id": 41, "floor": 3 }, "geometry": { "type": "Point", "coordinates": [ 364.246566496834646, 221.564786727368926 ] } },
{ "type": "Feature", "properties": { "building_id": 4, "point_id": 42, "floor": 6 }, "geometry": { "type": "Point", "coordinates": [ 363.328816886139236, 215.096652209057368 ] } },
{ "type": "Feature", "properties": { "building_id": 4, "point_id": 43, "floor": 5 }, "geometry": { "type": "Point", "coordinates": [ 358.048770543878447, 222.081114851946552 ] } },
{ "type": "Feature", "properties": { "building_id": 4, "point_id": 44, "floor": 6 }, "geometry": { "type": "Point", "coordinates": [ 357.823258165913785, 223.504776327096721 ] } },
{ "type": "Feature", "properties": { "building_id": 4, "point_id": 45, "floor": 1 }, "geometry": { "type": "Point", "coordinates": [ 381.086417149303429, 220.273923514709367 ] } },
{ "type": "Feature", "properties": { "building_id": 4, "point_id": 46, "floor": 1 }, "geometry": { "type": "Point", "coordinates": [ 353.381364452754838, 222.31742780594854 ] } },
{ "type": "Feature", "properties": { "building_id": 4, "point_id": 47, "floor": 1 }, "geometry": { "type": "Point", "coordinates": [ 362.145909216145469, 221.885968787672681 ] } },
{ "type": "Feature", "properties": { "building_id": 4, "point_id": 48, "floor": 6 }, "geometry": { "type": "Point", "coordinates": [ 366.714433303331248, 220.217372574365953 ] } },
{ "type": "Feature", "properties": { "building_id": 4, "point_id": 49, "floor": 5 }, "geometry": { "type": "Point", "coordinates": [ 364.057571404218379, 221.57674461525167 ] } },
{ "type": "Feature", "properties": { "building_id": 4, "point_id": 50, "floor": 1 }, "geometry": { "type": "Point", "coordinates": [ 350.977800386594822, 221.364448879713052 ] } },
{ "type": "Feature", "properties": { "building_id": 4, "point_id": 51, "floor": 3 }, "geometry": { "type": "Point", "coordinates": [ 349.698954711161377, 215.30953667347211 ] } },
{ "type": "Feature", "properties": { "building_id": 4, "point_id": 52, "floor": 3 }, "geometry": { "type": "Point", "coordinates": [ 354.863416423022898, 217.668024631481188 ] } },
{ "type": "Feature", "properties": { "building_id": 4, "point_id": 53, "floor": 6 }, "geometry": { "type": "Point", "coordinates": [ 381.403078318940061, 215.301794054398414 ] } },
{ "type": "Feature", "properties": { "building_id": 4, "point_id": 54, "floor": 6 }, "geometry": { "type": "Point", "coordinates": [ 356.632020234160109, 215.390725032891766 ] } },
{ "type": "Feature", "properties": { "building_id": 4, "point_id": 55, "floor": 5 }, "geometry": { "type": "Point", "coordinates": [ 350.78964466896889, 220.660166615081891 ] } },
{ "type": "Feature", "properties": { "building_id": 4, "point_id": 56, "floor": 4 }, "geometry": { "type": "Point", "coordinates": [ 353.508490617592031, 216.458767878281634 ] } },
{ "type": "Feature", "properties": { "building_id": 4, "point_id": 57, "floor": 4 }, "geometry": { "type": "Point", "coordinates": [ 377.270924382585861, 222.342787969390741 ] } },
{ "type": "Feature", "properties": { "building_id": 4, "point_id": 58, "floor": 1 }, "geometry": { "type": "Point", "coordinates": [ 356.734370595799362, 219.078258085021844 ] } },
{ "type": "Feature", "properties": { "building_id": 4, "point_id": 59, "floor": 6 }, "geometry": { "type": "Point", "coordinates": [ 366.559202560516951, 222.362071324918617 ] } },
{ "type": "Feature", "properties": { "building_id": 4, "point_id": 60, "floor": 2 }, "geometry": { "type": "Point", "coordinates": [ 379.584470146056788, 215.531038540753741 ] } },
{ "type": "Feature", "properties": { "building_id": 4, "point_id": 61, "floor": 6 }, "geometry": { "type": "Point", "coordinates": [ 369.585041920157892, 220.298631060656675 ] } },
{ "type": "Feature", "properties": { "building_id": 4, "point_id": 62, "floor": 5 }, "geometry": { "type": "Point", "coordinates": [ 376.653136320318879, 219.23233233676271 ] } },
{ "type": "Feature", "properties": { "building_id": 4, "point_id": 63, "floor": 2 }, "geometry": { "type": "Point", "coordinates": [ 359.687443199822212, 219.604783184869859 ] } },
{ "type": "Feature", "properties": { "building_id": 4, "point_id": 64, "floor": 6 }, "geometry": { "type": "Point", "coordinates": [ 350.647545393933513, 218.392940378664377 ] } },
{ "type": "Feature", "properties": { "building_id": 4, "point_id": 65, "floor": 5 }, "geometry": { "type": "Point", "coordinates": [ 351.246141436945777, 216.12885924846924 ] } },
{ "type": "Feature", "properties": { "building_id": 4, "point_id": 66, "floor": 3 }, "geometry": { "type": "Point", "coordinates": [ 369.008118577419225, 222.413742639968717 ] } },
{ "type": "Feature", "properties": { "building_id": 4, "point_id": 67, "floor": 3 }, "geometry": { "type": "Point", "coordinates": [ 357.384887106441738, 217.346741084847793 ] } },
{ "type": "Feature", "properties": { "building_id": 4, "point_id": 68, "floor": 1 }, "geometry": { "type": "Point", "coordinates": [ 364.469685599994705, 222.391556168625215 ] } },
{ "type": "Feature", "properties": { "building_id": 4, "point_id": 69, "floor": 4 }, "geometry": { "type": "Point", "coordinates": [ 350.367119595648717, 220.158075515994966 ] } },
{ "type": "Feature", "properties": { "building_id": 4, "point_id": 70, "floor": 2 }, "geometry": { "type": "Point", "coordinates": [ 351.259279429522508, 218.126726994150175 ] } },
{ "type": "Feature", "properties": { "building_id": 4, "point_id": 71, "floor": 4 }, "geometry": { "type": "Point", "coordinates": [ 370.109312306214463, 222.4932500459729 ] } },
{ "type": "Feature", "properties": { "building_id": 4, "point_id": 72, "floor": 1 }, "geometry": { "type": "Point", "coordinates": [ 354.802301516005173, 221.022523963695591 ] } },
{ "type": "Feature", "properties": { "building_id": 4, "point_id": 73, "floor": 2 }, "geometry": { "type": "Point", "coordinates": [ 363.264256479188191, 219.008461491602588 ] } },
{ "type": "Feature", "properties": { "building_id": 4, "point_id": 74, "floor": 5 }, "geometry": { "type": "Point", "coordinates": [ 359.231999910987327, 217.97497855671034 ] } },
{ "type": "Feature", "properties": { "building_id": 4, "point_id": 75, "floor": 2 }, "geometry": { "type": "Point", "coordinates": [ 349.834032110620797, 215.538542764079239 ] } },
{ "type": "Feature", "properties": { "building_id": 4, "point_id": 76, "floor": 1 }, "geometry": { "type": "Point", "coordinates": [ 352.988393291971533, 216.97187323517565 ] } },
{ "type": "Feature", "properties": { "building_id": 4, "point_id": 77, "floor": 4 }, "geometry": { "type": "Point", "coordinates": [ 378.161811971367513, 216.015284998593813 ] } },
{ "type": "Feature", "properties": { "building_id": 4, "point_id": 78, "floor": 5 }, "geometry": { "type": "Point", "coordinates": [ 374.981857894106952, 221.347742049756846 ] } },
{ "type": "Feature", "properties": { "building_id": 4, "point_id": 79, "floor": 2 }, "geometry": { "type": "Point", "coordinates": [ 354.292716952075523, 224.492924801489863 ] } },
{ "type": "Feature", "properties": { "building_id": 4, "point_id": 80, "floor": 5 }, "geometry": { "type": "Point", "coordinates": [ 370.998618143861393, 223.470621221125725 ] } },
{ "type": "Feature", "properties": { "building_id": 4, "point_id": 81, "floor": 1 }, "geometry": { "type": "Point", "coordinates": [ 356.844088044184161, 220.917478467113966 ] } },
{ "type": "Feature", "properties": { "building_id": 4, "point_id": 82, "floor": 3 }, "geometry": { "type": "Point", "coordinates": [ 363.606450663008161, 216.850768078593347 ] } },
{ "type": "Feature", "properties": { "building_id": 4, "point_id": 83, "floor": 2 }, "geometry": { "type": "Point", "coordinates": [ 380.436357176313493, 219.820187758848107 ] } },
{ "type": "Feature", "properties": { "building_id": 4, "point_id": 84, "floor": 3 }, "geometry": { "type": "Point", "coordinates": [ 377.193332485604913, 221.89794359209165 ] } },
{ "type": "Feature", "properties": { "building_id": 4, "point_id": 85, "floor": 1 }, "geometry": { "type": "Point", "coordinates": [ 359.681596477871437, 221.94554237132283 ] } },
{ "type": "Feature", "properties": { "building_id": 4, "point_id": 86, "floor": 3 }, "geometry": { "type": "Point", "coordinates": [ 349.927102792018161, 216.199829266317266 ] } },
{ "type": "Feature", "properties": { "building_id": 4, "point_id": 87, "floor": 4 }, "geometry": { "type": "Point", "coordinates": [ 383.232586689327263, 219.388282166388393 ] } },
{ "type": "Feature", "properties": { "building_id": 4, "point_id": 88, "floor": 1 }, "geometry": { "type": "Point", "coordinates": [ 363.128793136954869, 215.943754810286947 ] } },
{ "type": "Feature", "properties": { "building_id": 4, "point_id": 89, "floor": 3 }, "geometry": { "type": "Point", "coordinates": [ 361.243167006472959, 220.844504871596399 ] } },
{ "type": "Feature", "properties": { "building_id": 4, "point_id": 90, "floor": 4 }, "geometry": { "type": "Point", "coordinates": [ 381.210739498992211, 215.938653512999963 ] } },
{ "type": "Feature", "properties": { "building_id": 4, "point_id": 91, "floor": 4 }, "geometry": { "type": "Point", "coordinates": [ 379.06568815849613, 216.289857243366924 ] } },
{ "type": "Feature", "properties": { "building_id": 4, "point_id": 92, "floor": 6 }, "geometry": { "type": "Point", "coordinates": [ 379.57063455573234, 219.372695234135762 ] } },
{ "type": "Feature", "properties": { "building_id": 4, "point_id": 93, "floor": 2 }, "geometry": { "type": "Point", "coordinates": [ 349.986254738106879, 215.138827141268592 ] } },
{ "type": "Feature", "properties": { "building_id": 4, "point_id": 94, "floor": 2 }, "geometry": { "type": "Point", "coordinates": [ 379.704671335886019, 216.620149929763215 ] } },
{ "type": "Feature", "properties": { "building_id": 4, "point_id": 95, "floor": 1 }, "geometry": { "type": "Point", "coordinates": [ 376.371002210364338, 215.433825789768463 ] } },
{ "type": "Feature", "properties": { "building_id": 4, "point_id": 96, "floor": 3 }, "geometry": { "type": "Point", "coordinates": [ 351.078123636269481, 224.319990836245097 ] } },
{ "type": "Feature", "properties": { "building_id": 4, "point_id": 97, "floor": 6 }, "geometry": { "type": "Point", "coordinates": [ 356.486053160636914, 216.825574613398572 ] } },
{ "type": "Feature", "properties": { "building_id": 4, "point_id": 98, "floor": 4 }, "geometry": { "type": "Point", "coordinates": [ 377.496946253872807, 215.983710861097677 ] } },
{ "type": "Feature", "properties": { "building_id": 4, "point_id": 99, "floor": 1 }, "geometry": { "type": "Point", "coordinates": [ 349.877809517281889, 223.878422448482212 ] } },
{ "type": "Feature", "properties": { "building_id": 4, "point_id": 100, "floor": 2 }, "geometry": { "type": "Point", "coordinates": [ 373.641604386756114, 219.020635879948742 ] } },
{ "type": "Feature", "properties": { "building_id": 4, "point_id": 101, "floor": 6 }, "geometry": { "type": "Point", "coordinates": [ 355.249717761553768, 220.543407607763271 ] } },
{ "type": "Feature", "properties": { "building_id": 4, "point_id": 102, "floor": 4 }, "geometry": { "type": "Point", "coordinates": [ 371.07047333175268, 221.859516281935896 ] } },
{ "type": "Feature", "properties": { "building_id": 4, "point_id": 103, "floor": 2 }, "geometry": { "type": "Point", "coordinates": [ 357.359253620169284, 219.619128338757321 ] } },
{ "type": "Feature", "properties": { "building_id": 4, "point_id": 104, "floor": 1 }, "geometry": { "type": "Point", "coordinates": [ 363.826626019031835, 219.794778610247761 ] } },
{ "type": "Feature", "properties": { "building_id": 4, "point_id": 105, "floor": 1 }, "geometry": { "type": "Point", "coordinates": [ 364.749412379552496, 224.057196995816156 ] } },
{ "type": "Feature", "properties": { "building_id": 4, "point_id": 106, "floor": 1 }, "geometry": { "type": "Point", "coordinates": [ 359.500330093079299, 223.2510131885129 ] } },
{ "type": "Feature", "properties": { "building_id": 4, "point_id": 107, "floor": 1 }, "geometry": { "type": "Point", "coordinates": [ 358.431713939284691, 224.317321181806648 ] } },
{ "type": "Feature", "properties": { "building_id": 4, "point_id": 108, "floor": 4 }, "geometry": { "type": "Point", "coordinates": [ 353.81573372489737, 222.519104210484556 ] } },
{ "type": "Feature", "properties": { "building_id": 4, "point_id": 109, "floor": 6 }, "geometry": { "type": "Point", "coordinates": [ 372.986715365863233, 223.604258724359568 ] } },
{ "type": "Feature", "properties": { "building_id": 4, "point_id": 110, "floor": 5 }, "geometry": { "type": "Point", "coordinates": [ 348.547406994876553, 219.413614176296221 ] } },
{ "type": "Feature", "properties": { "building_id": 4, "point_id": 111, "floor": 6 }, "geometry": { "type": "Point", "coordinates": [ 365.980362658372485, 218.019438608133157 ] } },
{ "type": "Feature", "properties": { "building_id": 4, "point_id": 112, "floor": 5 }, "geometry": { "type": "Point", "coordinates": [ 359.967460868397268, 218.127787249413103 ] } },
{ "type": "Feature", "properties": { "building_id": 4, "point_id": 113, "floor": 2 }, "geometry": { "type": "Point", "coordinates": [ 376.225924387025657, 222.464520322684564 ] } },
{ "type": "Feature", "properties": { "building_id": 4, "point_id": 114, "floor": 4 }, "geometry": { "type": "Point", "coordinates": [ 350.63794116847555, 218.773360115775489 ] } },
{ "type": "Feature", "properties": { "building_id": 4, "point_id": 115, "floor": 6 }, "geometry": { "type": "Point", "coordinates": [ 361.985891259076141, 219.57709194321825 ] } },
{ "type": "Feature", "properties": { "building_id": 4, "point_id": 116, "floor": 3 }, "geometry": { "type": "Point", "coordinates": [ 350.290330465659451, 224.432995042050521 ] } },
{ "type": "Feature", "properties": { "building_id": 4, "point_id": 117, "floor": 4 }, "geometry": { "type": "Point", "coordinates": [ 365.827428994044226, 215.130948492310552 ] } },
{ "type": "Feature", "properties": { "building_id": 4, "point_id": 118, "floor": 4 }, "geometry": { "type": "Point", "coordinates": [ 365.632223515282703, 223.052314687253272 ] } },
{ "type": "Feature", "properties": { "building_id": 4, "point_id": 119, "floor": 1 }, "geometry": { "type": "Point", "coordinates": [ 368.864136801160669, 219.149441080247755 ] } },
{ "type": "Feature", "properties": { "building_id": 4, "point_id": 120, "floor": 3 }, "geometry": { "type": "Point", "coordinates": [ 369.262640652295659, 215.344386435561034 ] } },
{ "type": "Feature", "properties": { "building_id": 4, "point_id": 121, "floor": 6 }, "geometry": { "type": "Point", "coordinates": [ 364.495565914617828, 221.296685701009977 ] } },
{ "type": "Feature", "properties": { "building_id": 4, "point_id": 122, "floor": 1 }, "geometry": { "type": "Point", "coordinates": [ 356.765340087915035, 223.032739529429136 ] } },
{ "type": "Feature", "properties": { "building_id": 4, "point_id": 123, "floor": 5 }, "geometry": { "type": "Point", "coordinates": [ 362.617590338902801, 218.265044577132244 ] } },
{ "type": "Feature", "properties": { "building_id": 4, "point_id": 124, "floor": 3 }, "geometry": { "type": "Point", "coordinates": [ 364.467588444282512, 221.410901290600862 ] } },
{ "type": "Feature", "properties": { "building_id": 4, "point_id": 125, "floor": 2 }, "geometry": { "type": "Point", "coordinates": [ 360.973121370835713, 220.199736592504166 ] } },
{ "type": "Feature", "properties": { "building_id": 4, "point_id": 126, "floor": 3 }, "geometry": { "type": "Point", "coordinates": [ 377.997952130932561, 221.720393836194376 ] } },
{ "type": "Feature", "properties": { "building_id": 4, "point_id": 127, "floor": 6 }, "geometry": { "type": "Point", "coordinates": [ 375.170947930661555, 219.064786751411475 ] } },
{ "type": "Feature", "properties": { "building_id": 4, "point_id": 128, "floor": 6 }, "geometry": { "type": "Point", "coordinates": [ 375.329714502292518, 224.178169944185271 ] } },
{ "type": "Feature", "properties": { "building_id": 4, "point_id": 129, "floor": 1 }, "geometry": { "type": "Point", "coordinates": [ 359.807276708390987, 218.134695310914481 ] } },
{ "type": "Feature", "properties": { "building_id": 4, "point_id": 130, "floor": 2 }, "geometry": { "type": "Point", "coordinates": [ 367.241246736235553, 224.036644536824525 ] } },
{ "type": "Feature", "properties": { "building_id": 4, "point_id": 131, "floor": 1 }, "geometry": { "type": "Point", "coordinates": [ 373.597169633896783, 215.785345825439691 ] } },
{ "type": "Feature", "properties": { "building_id": 4, "point_id": 132, "floor": 1 }, "geometry": { "type": "Point", "coordinates": [ 379.707069970184477, 222.655011703801989 ] } },
{ "type": "Feature", "properties": { "building_id": 4, "point_id": 133, "floor": 6 }, "geometry": { "type": "Point", "coordinates": [ 366.56045686756903, 224.344721000780879 ] } },
{ "type": "Feature", "properties": { "building_id": 4, "point_id": 134, "floor": 6 }, "geometry": { "type": "Point", "coordinates": [ 356.644174100902262, 222.36889592260809 ] } },
{ "type": "Feature", "properties": { "building_id": 4, "point_id": 135, "floor": 1 }, "geometry": { "type": "Point", "coordinates": [ 348.728467823814185, 218.424574334246756 ] } },
{ "type": "Feature", "properties": { "building_id": 4, "point_id": 136, "floor": 6 }, "geometry": { "type": "Point", "coordinates": [ 350.787825987392125, 217.317638521709597 ] } },
{ "type": "Feature", "properties": { "building_id": 4, "point_id": 137, "floor": 3 }, "geometry": { "type": "Point", "coordinates": [ 361.912901504161766, 222.472845103325227 ] } },
{ "type": "Feature", "properties": { "building_id": 4, "point_id": 138, "floor": 2 }, "geometry": { "type": "Point", "coordinates": [ 366.832066962940758, 220.837016929273176 ] } },
{ "type": "Feature", "properties": { "building_id": 4, "point_id": 139, "floor": 6 }, "geometry": { "type": "Point", "coordinates": [ 362.395966115359101, 215.700487770479128 ] } },
{ "type": "Feature", "properties": { "building_id": 4, "point_id": 140, "floor": 2 }, "geometry": { "type": "Point", "coordinates": [ 365.665775117400642, 218.893553942546191 ] } },
{ "type": "Feature", "properties": { "building_id": 4, "point_id": 141, "floor": 2 }, "geometry": { "type": "Point", "coordinates": [ 359.617829257349797, 223.986660156223365 ] } },
{ "type": "Feature", "properties": { "building_id": 4, "point_id": 142, "floor": 5 }, "geometry": { "type": "Point", "coordinates": [ 367.310595386584112, 222.236074385191273 ] } },
{ "type": "Feature", "properties": { "building_id": 4, "point_id": 143, "floor": 4 }, "geometry": { "type": "Point", "coordinates": [ 373.300521135882946, 221.68130185962508 ] } },
{ "type": "Feature", "properties": { "building_id": 4, "point_id": 144, "floor": 2 }, "geometry": { "type": "Point", "coordinates": [ 366.336435571036759, 216.902481927866603 ] } },
{ "type": "Feature", "properties": { "building_id": 4, "point_id": 145, "floor": 4 }, "geometry": { "type": "Point", "coordinates": [ 364.386459315916966, 220.925125972700954 ] } },
{ "type": "Feature", "properties": { "building_id": 4, "point_id": 146, "floor": 6 }, "geometry": { "type": "Point", "coordinates": [ 368.996350960295388, 224.14838618594726 ] } },
{ "type": "Feature", "properties": { "building_id": 4, "point_id": 147, "floor": 3 }, "geometry": { "type": "Point", "coordinates": [ 376.073093523646151, 216.762899774635969 ] } },
{ "type": "Feature", "properties": { "building_id": 4, "point_id": 148, "floor": 3 }, "geometry": { "type": "Point", "coordinates": [ 354.435711089022789, 217.849759260236937 ] } },
{ "type": "Feature", "properties": { "building_id": 4, "point_id": 149, "floor": 5 }, "geometry": { "type": "Point", "coordinates": [ 367.777804707097062, 222.929348402549323 ] } },
{ "type": "Feature", "properties": { "building_id": 4, "point_id": 150, "floor": 3 }, "geometry": { "type": "Point", "coordinates": [ 376.29137126454998, 222.525745234251303 ] } },
{ "type": "Feature", "properties": { "building_id": 4, "point_id": 151, "floor": 4 }, "geometry": { "type": "Point", "coordinates": [ 373.552188666421728, 223.422181170609491 ] } },
{ "type": "Feature", "properties": { "building_id": 4, "point_id": 152, "floor": 3 }, "geometry": { "type": "Point", "coordinates": [ 362.526747655539225, 223.870184657896147 ] } },
{ "type": "Feature", "properties": { "building_id": 4, "point_id": 153, "floor": 3 }, "geometry": { "type": "Point", "coordinates": [ 359.76356606443585, 221.765309797944383 ] } },
{ "type": "Feature", "properties": { "building_id": 4, "point_id": 154, "floor": 1 }, "geometry": { "type": "Point", "coordinates": [ 372.019904267331981, 217.115640386232599 ] } },
{ "type": "Feature", "properties": { "building_id": 4, "point_id": 155, "floor": 2 }, "geometry": { "type": "Point", "coordinates": [ 382.945632635993661, 218.147185563230863 ] } },
{ "type": "Feature", "properties": { "building_id": 4, "point_id": 156, "floor": 3 }, "geometry": { "type": "Point", "coordinates": [ 380.038038918669656, 224.054917610676995 ] } },
{ "type": "Feature", "properties": { "building_id": 4, "point_id": 157, "floor": 6 }, "geometry": { "type": "Point", "coordinates": [ 368.901601068032392, 220.664612302310587 ] } },
{ "type": "Feature", "properties": { "building_id": 4, "point_id": 158, "floor": 1 }, "geometry": { "type": "Point", "coordinates": [ 379.871392712768227, 223.066990521374322 ] } },
{ "type": "Feature", "properties": { "building_id": 4, "point_id": 159, "floor": 1 }, "geometry": { "type": "Point", "coordinates": [ 365.021980956597872, 220.985647621186672 ] } },
{ "type": "Feature", "properties": { "building_id": 4, "point_id": 160, "floor": 2 }, "geometry": { "type": "Point", "coordinates": [ 351.453359967912945, 223.162589203504609 ] } },
{ "type": "Feature", "properties": { "building_id": 4, "point_id": 161, "floor": 4 }, "geometry": { "type": "Point", "coordinates": [ 352.055012076306355, 221.195907626861413 ] } },
{ "type": "Feature", "properties": { "building_id": 4, "point_id": 162, "floor": 5 }, "geometry": { "type": "Point", "coordinates": [ 375.705931947361876, 217.651595824545126 ] } },
{ "type": "Feature", "properties": { "building_id": 4, "point_id": 163, "floor": 5 }, "geometry": { "type": "Point", "coordinates": [ 365.444977298650713, 224.065486225673851 ] } },
{ "type": "Feature", "properties": { "building_id": 4, "point_id": 164, "floor": 2 }, "geometry": { "type": "Point", "coordinates": [ 366.886529588756389, 216.582781694400637 ] } },
{ "type": "Feature", "properties": { "building_id": 4, "point_id": 165, "floor": 3 }, "geometry": { "type": "Point", "coordinates": [ 351.889374868226184, 217.42419955824667 ] } },
{ "type": "Feature", "properties": { "building_id": 4, "point_id": 166, "floor": 1 }, "geometry": { "type": "Point", "coordinates": [ 350.338648295975474, 221.983707545919771 ] } },
{ "type": "Feature", "properties": { "building_id": 4, "point_id": 167, "floor": 2 }, "geometry": { "type": "Point", "coordinates": [ 366.027568653659443, 217.921688397503317 ] } },
{ "type": "Feature", "properties": { "building_id": 4, "point_id": 168, "floor": 5 }, "geometry": { "type": "Point", "coordinates": [ 352.140399174234233, 219.244593890620905 ] } },
{ "type": "Feature", "properties": { "building_id": 4, "point_id": 169, "floor": 6 }, "geometry": { "type": "Point", "coordinates": [ 372.38119484324568, 217.95784790057283 ] } },
{ "type": "Feature", "properties": { "building_id": 4, "point_id": 170, "floor": 2 }, "geometry": { "type": "Point", "coordinates": [ 362.045336863686146, 217.593716825516253 ] } },
{ "type": "Feature", "properties": { "building_id": 4, "point_id": 171, "floor": 6 }, "geometry": { "type": "Point", "coordinates": [ 371.43801562738139, 224.110601385112403 ] } },
{ "type": "Feature", "properties": { "building_id": 4, "point_id": 172, "floor": 1 }, "geometry": { "type": "Point", "coordinates": [ 374.948870677438094, 223.00401241758027 ] } },
{ "type": "Feature", "properties": { "building_id": 4, "point_id": 173, "floor": 2 }, "geometry": { "type": "Point", "coordinates": [ 352.083427677735472, 218.343669220040653 ] } },
{ "type": "Feature", "properties": { "building_id": 4, "point_id": 174, "floor": 5 }, "geometry": { "type": "Point", "coordinates": [ 352.170169633944454, 219.365420718364447 ] } },
{ "type": "Feature", "properties": { "building_id": 4, "point_id": 175, "floor": 3 }, "geometry": { "type": "Point", "coordinates": [ 371.862729329102763, 223.278407836503959 ] } },
{ "type": "Feature", "properties": { "building_id": 4, "point_id": 176, "floor": 5 }, "geometry": { "type": "Point", "coordinates": [ 380.25958623770066, 219.376563501596962 ] } },
{ "type": "Feature", "properties": { "building_id": 4, "point_id": 177, "floor": 6 }, "geometry": { "type": "Point", "coordinates": [ 364.281606063793333, 215.197315826298762 ] } },
{ "type": "Feature", "properties": { "building_id": 4, "point_id": 178, "floor": 4 }, "geometry": { "type": "Point", "coordinates": [ 349.970359560297027, 215.06199768997206 ] } },
{ "type": "Feature", "properties": { "building_id": 4, "point_id": 179, "floor": 6 }, "geometry": { "type": "Point", "coordinates": [ 368.65355055465642, 219.205948254235608 ] } },
{ "type": "Feature", "properties": { "building_id": 4, "point_id": 180, "floor": 4 }, "geometry": { "type": "Point", "coordinates": [ 376.477195939007174, 216.097319808152349 ] } },
{ "type": "Feature", "properties": { "building_id": 4, "point_id": 181, "floor": 6 }, "geometry": { "type": "Point", "coordinates": [ 352.666758728155173, 221.809305810341442 ] } },
{ "type": "Feature", "properties": { "building_id": 4, "point_id": 182, "floor": 4 }, "geometry": { "type": "Point", "coordinates": [ 365.867084682874065, 219.911764697130678 ] } },
{ "type": "Feature", "properties": { "building_id": 4, "point_id": 183, "floor": 3 }, "geometry": { "type": "Point", "coordinates": [ 375.285737010569449, 224.102214647616336 ] } },
{ "type": "Feature", "properties": { "building_id": 4, "point_id": 184, "floor": 6 }, "geometry": { "type": "Point", "coordinates": [ 378.976781319449344, 222.653785792979704 ] } },
{ "type": "Feature", "properties": { "building_id": 4, "point_id": 185, "floor": 2 }, "geometry": { "type": "Point", "coordinates": [ 369.646450407257475, 217.716933205660411 ] } },
{ "type": "Feature", "properties": { "building_id": 4, "point_id": 186, "floor": 5 }, "geometry": { "type": "Point", "coordinates": [ 370.387246534383451, 215.713535942733699 ] } },
{ "type": "Feature", "properties": { "building_id": 4, "point_id": 187, "floor": 3 }, "geometry": { "type": "Point", "coordinates": [ 350.744046919662139, 222.034477807458273 ] } },
{ "type": "Feature", "properties": { "building_id": 4, "point_id": 188, "floor": 2 }, "geometry": { "type": "Point", "coordinates": [ 364.441173809586132, 222.596608244309266 ] } },
{ "type": "Feature", "properties": { "building_id": 4, "point_id": 189, "floor": 3 }, "geometry": { "type": "Point", "coordinates": [ 366.981739465596661, 215.609027850650079 ] } },
{ "type": "Feature", "properties": { "building_id": 4, "point_id": 190, "floor": 2 }, "geometry": { "type": "Point", "coordinates": [ 357.608943424416111, 218.439005531919435 ] } },
{ "type": "Feature", "properties": { "building_id": 4, "point_id": 191, "floor": 1 }, "geometry": { "type": "Point", "coordinates": [ 367.036553620199072, 222.986594434255522 ] } },
{ "type": "Feature", "properties": { "building_id": 4, "point_id": 192, "floor": 4 }, "geometry": { "type": "Point", "coordinates": [ 366.731521590552802, 217.666582659226776 ] } },
{ "type": "Feature", "properties": { "building_id": 4, "point_id": 193, "floor": 4 }, "geometry": { "type": "Point", "coordinates": [ 369.320358689320472, 215.143354629258369 ] } },
{ "type": "Feature", "properties": { "building_id": 4, "point_id": 194, "floor": 5 }, "geometry": { "type": "Point", "coordinates": [ 376.008370851729467, 221.35514201061244 ] } },
{ "type": "Feature", "properties": { "building_id": 4, "point_id": 195, "floor": 5 }, "geometry": { "type": "Point", "coordinates": [ 356.401078029156224, 215.127407917660832 ] } },
{ "type": "Feature", "properties": { "building_id": 4, "point_id": 196, "floor": 5 }, "geometry": { "type": "Point", "coordinates": [ 363.505960448042515, 218.449761986673963 ] } },
{ "type": "Feature", "properties": { "building_id": 4, "point_id": 197, "floor": 4 }, "geometry": { "type": "Point", "coordinates": [ 356.549481910299562, 220.325427191838656 ] } },
{ "type": "Feature", "properties": { "building_id": 4, "point_id": 198, "floor": 3 }, "geometry": { "type": "Point", "coordinates": [ 380.522608807187908, 220.775444110926571 ] } },
{ "type": "Feature", "properties": { "building_id": 4, "point_id": 199, "floor": 4 }, "geometry": { "type": "Point", "coordinates": [ 372.599266348466585, 222.586822429235383 ] } },
{ "type": "Feature", "properties": { "building_id": 4, "point_id": 200, "floor": 3 }, "geometry": { "type": "Point", "coordinates": [ 376.873787704453321, 223.952515990280233 ] } },
{ "type": "Feature", "properties": { "building_id": 4, "point_id": 201, "floor": 3 }, "geometry": { "type": "Point", "coordinates": [ 382.284568657838747, 218.087775441812994 ] } },
{ "type": "Feature", "properties": { "building_id": 4, "point_id": 202, "floor": 2 }, "geometry": { "type": "Point", "coordinates": [ 374.312187549891519, 220.503565862002205 ] } },
{ "type": "Feature", "properties": { "building_id": 4, "point_id": 203, "floor": 4 }, "geometry": { "type": "Point", "coordinates": [ 374.061553507089968, 223.880385834495939 ] } },
{ "type": "Feature", "properties": { "building_id": 4, "point_id": 204, "floor": 6 }, "geometry": { "type": "Point", "coordinates": [ 368.471390163767012, 217.672255415875867 ] } },
{ "type": "Feature", "properties": { "building_id": 4, "point_id": 205, "floor": 5 }, "geometry": { "type": "Point", "coordinates": [ 359.356970091740436, 215.83358237874495 ] } },
{ "type": "Feature", "properties": { "building_id": 4, "point_id": 206, "floor": 3 }, "geometry": { "type": "Point", "coordinates": [ 349.339068918266946, 224.500083177470572 ] } },
{ "type": "Feature", "properties": { "building_id": 4, "point_id": 207, "floor": 2 }, "geometry": { "type": "Point", "coordinates": [ 363.79254206816131, 223.261530560101278 ] } },
{ "type": "Feature", "properties": { "building_id": 4, "point_id": 208, "floor": 2 }, "geometry": { "type": "Point", "coordinates": [ 381.871963618608106, 216.241806158782595 ] } },
{ "type": "Feature", "properties": { "building_id": 4, "point_id": 209, "floor": 5 }, "geometry": { "type": "Point", "coordinates": [ 368.396292400167283, 217.7488158318194 ] } },
{ "type": "Feature", "properties": { "building_id": 4, "point_id": 210, "floor": 4 }, "geometry": { "type": "Point", "coordinates": [ 353.63261217531408, 220.732125805298836 ] } },
{ "type": "Feature", "properties": { "building_id": 4, "point_id": 211, "floor": 4 }, "geometry": { "type": "Point", "coordinates": [ 369.44721896376376, 221.530643205408978 ] } },
{ "type": "Feature", "properties": { "building_id": 4, "point_id": 212, "floor": 3 }, "geometry": { "type": "Point", "coordinates": [ 359.996960729527416, 220.245356098545898 ] } },
{ "type": "Feature", "properties": { "building_id": 4, "point_id": 213, "floor": 1 }, "geometry": { "type": "Point", "coordinates": [ 353.332606342129168, 215.743047311924983 ] } },
{ "type": "Feature", "properties": { "building_id": 4, "point_id": 214, "floor": 4 }, "geometry": { "type": "Point", "coordinates": [ 382.541307157294341, 216.777828070546178 ] } },
{ "type": "Feature", "properties": { "building_id": 4, "point_id": 215, "floor": 3 }, "geometry": { "type": "Point", "coordinates": [ 362.315484381307556, 222.248606120590892 ] } },
{ "type": "Feature", "properties": { "building_id": 4, "point_id": 216, "floor": 1 }, "geometry": { "type": "Point", "coordinates": [ 373.208487241808882, 217.945622082264066 ] } },
{ "type": "Feature", "properties": { "building_id": 4, "point_id": 217, "floor": 3 }, "geometry": { "type": "Point", "coordinates": [ 370.300796511172791, 221.587131909295977 ] } },
{ "type": "Feature", "properties": { "building_id": 4, "point_id": 218, "floor": 4 }, "geometry": { "type": "Point", "coordinates": [ 355.66689191010056, 217.533562525506426 ] } },
{ "type": "Feature", "properties": { "building_id": 4, "point_id": 219, "floor": 3 }, "geometry": { "type": "Point", "coordinates": [ 368.880871165639235, 223.656205269274665 ] } },
{ "type": "Feature", "properties": { "building_id": 4, "point_id": 220, "floor": 4 }, "geometry": { "type": "Point", "coordinates": [ 358.469035079376908, 219.229256020555596 ] } },
{ "type": "Feature", "properties": { "building_id": 4, "point_id": 221, "floor": 1 }, "geometry": { "type": "Point", "coordinates": [ 358.811222865864579, 218.815982177264658 ] } },
{ "type": "Feature", "properties": { "building_id": 4, "point_id": 222, "floor": 4 }, "geometry": { "type": "Point", "coordinates": [ 358.174717656651524, 222.887344801934205 ] } },
{ "type": "Feature", "properties": { "building_id": 4, "point_id": 223, "floor": 6 }, "geometry": { "type": "Point", "coordinates": [ 377.598007998681851, 216.502209084733096 ] } },
{ "type": "Feature", "properties": { "building_id": 4, "point_id": 224, "floor": 2 }, "geometry": { "type": "Point", "coordinates": [ 381.858245074302374, 219.740804076607787 ] } },
{ "type": "Feature", "properties": { "building_id": 4, "point_id": 225, "floor": 2 }, "geometry": { "type": "Point", "coordinates": [ 353.713997573833865, 216.310387344055812 ] } },
{ "type": "Feature", "properties": { "building_id": 4, "point_id": 226, "floor": 5 }, "geometry": { "type": "Point", "coordinates": [ 374.058925424909091, 221.382988979932719 ] } },
{ "type": "Feature", "properties": { "building_id": 4, "point_id": 227, "floor": 2 }, "geometry": { "type": "Point", "coordinates": [ 377.13095867013584, 220.572179101407727 ] } },
{ "type": "Feature", "properties": { "building_id": 4, "point_id": 228, "floor": 2 }, "geometry": { "type": "Point", "coordinates": [ 367.188729502989986, 222.839477463297982 ] } },
{ "type": "Feature", "properties": { "building_id": 4, "point_id": 229, "floor": 3 }, "geometry": { "type": "Point", "coordinates": [ 362.164096800269192, 223.994643639460918 ] } },
{ "type": "Feature", "properties": { "building_id": 4, "point_id": 230, "floor": 3 }, "geometry": { "type": "Point", "coordinates": [ 354.203914250696698, 221.293324539337391 ] } },
{ "type": "Feature", "properties": { "building_id": 4, "point_id": 231, "floor": 1 }, "geometry": { "type": "Point", "coordinates": [ 359.670638166400806, 219.023540368103454 ] } },
{ "type": "Feature", "properties": { "building_id": 4, "point_id": 232, "floor": 6 }, "geometry": { "type": "Point", "coordinates": [ 381.187945407970005, 215.382439013418946 ] } },
{ "type": "Feature", "properties": { "building_id": 4, "point_id": 233, "floor": 5 }, "geometry": { "type": "Point", "coordinates": [ 378.261427804113509, 220.059513314842519 ] } },
{ "type": "Feature", "properties": { "building_id": 4, "point_id": 234, "floor": 4 }, "geometry": { "type": "Point", "coordinates": [ 351.31151002995, 221.650907514905612 ] } },
{ "type": "Feature", "properties": { "building_id": 4, "point_id": 235, "floor": 5 }, "geometry": { "type": "Point", "coordinates": [ 359.916152847773276, 216.650407561906462 ] } },
{ "type": "Feature", "properties": { "building_id": 4, "point_id": 236, "floor": 4 }, "geometry": { "type": "Point", "coordinates": [ 351.347949480022578, 220.287061099210803 ] } },
{ "type": "Feature", "properties": { "building_id": 4, "point_id": 237, "floor": 2 }, "geometry": { "type": "Point", "coordinates": [ 379.139710452325062, 218.66594743324012 ] } },
{ "type": "Feature", "properties": { "building_id": 4, "point_id": 238, "floor": 4 }, "geometry": { "type": "Point", "coordinates": [ 350.209262699211195, 223.406259543637361 ] } },
{ "type": "Feature", "properties": { "building_id": 4, "point_id": 239, "floor": 2 }, "geometry": { "type": "Point", "coordinates": [ 367.359452396299844, 216.292108592336803 ] } },
{ "type": "Feature", "properties": { "building_id": 4, "point_id": 240, "floor": 3 }, "geometry": { "type": "Point", "coordinates": [ 354.404881664352388, 218.886472221794634 ] } },
{ "type": "Feature", "properties": { "building_id": 4, "point_id": 241, "floor": 1 }, "geometry": { "type": "Point", "coordinates": [ 351.255495003445674, 216.81783956366948 ] } },
{ "type": "Feature", "properties": { "building_id": 4, "point_id": 242, "floor": 2 }, "geometry": { "type": "Point", "coordinates": [ 355.385311766911741, 223.337795386115346 ] } },
{ "type": "Feature", "properties": { "building_id": 4, "point_id": 243, "floor": 3 }, "geometry": { "type": "Point", "coordinates": [ 350.886690747430976, 215.706683448511399 ] } },
{ "type": "Feature", "properties": { "building_id": 4, "point_id": 244, "floor": 1 }, "geometry": { "type": "Point", "coordinates": [ 350.291034819924676, 223.61219563963337 ] } },
{ "type": "Feature", "properties": { "building_id": 4, "point_id": 245, "floor": 5 }, "geometry": { "type": "Point", "coordinates": [ 367.508536167768227, 219.531584484775976 ] } },
{ "type": "Feature", "properties": { "building_id": 4, "point_id": 246, "floor": 2 }, "geometry": { "type": "Point", "coordinates": [ 379.077027167197343, 220.581968662407718 ] } },
{ "type": "Feature", "properties": { "building_id": 4, "point_id": 247, "floor": 4 }, "geometry": { "type": "Point", "coordinates": [ 372.190645447410589, 222.943951681368191 ] } },
{ "type": "Feature", "properties": { "building_id": 4, "point_id": 248, "floor": 3 }, "geometry": { "type": "Point", "coordinates": [ 366.173094049654537, 217.654717364254168 ] } },
{ "type": "Feature", "properties": { "building_id": 4, "point_id": 249, "floor": 4 }, "geometry": { "type": "Point", "coordinates": [ 370.013282667380338, 221.032905684899788 ] } },
{ "type": "Feature", "properties": { "building_id": 4, "point_id": 250, "floor": 5 }, "geometry": { "type": "Point", "coordinates": [ 360.939948428009529, 220.433775295695085 ] } },
{ "type": "Feature", "properties": { "building_id": 4, "point_id": 251, "floor": 1 }, "geometry": { "type": "Point", "coordinates": [ 372.697818753436252, 217.834258598360009 ] } },
{ "type": "Feature", "properties": { "building_id": 4, "point_id": 252, "floor": 4 }, "geometry": { "type": "Point", "coordinates": [ 375.30668341086988, 219.819878304009421 ] } },
{ "type": "Feature", "properties": { "building_id": 4, "point_id": 253, "floor": 1 }, "geometry": { "type": "Point", "coordinates": [ 361.359667860314175, 215.843432596333031 ] } },
{ "type": "Feature", "properties": { "building_id": 4, "point_id": 254, "floor": 3 }, "geometry": { "type": "Point", "coordinates": [ 381.313472220042684, 222.770544181427198 ] } },
{ "type": "Feature", "properties": { "building_id": 4, "point_id": 255, "floor": 4 }, "geometry": { "type": "Point", "coordinates": [ 365.504950334208672, 215.385076761996487 ] } },
{ "type": "Feature", "properties": { "building_id": 4, "point_id": 256, "floor": 6 }, "geometry": { "type": "Point", "coordinates": [ 362.157028548499625, 215.798983395658041 ] } },
{ "type": "Feature", "properties": { "building_id": 4, "point_id": 257, "floor": 4 }, "geometry": { "type": "Point", "coordinates": [ 378.872492586450846, 224.218301886958926 ] } },
{ "type": "Feature", "properties": { "building_id": 4, "point_id": 258, "floor": 2 }, "geometry": { "type": "Point", "coordinates": [ 368.257988583387657, 222.59403304985247 ] } },
{ "type": "Feature", "properties": { "building_id": 4, "point_id": 259, "floor": 6 }, "geometry": { "type": "Point", "coordinates": [ 367.950698693072809, 218.212679067110088 ] } },
{ "type": "Feature", "properties": { "building_id": 4, "point_id": 260, "floor": 3 }, "geometry": { "type": "Point", "coordinates": [ 373.729422924271148, 223.89444871268725 ] } },
{ "type": "Feature", "properties": { "building_id": 4, "point_id": 261, "floor": 3 }, "geometry": { "type": "Point", "coordinates": [ 349.021625172754057, 216.498207695466334 ] } },
{ "type": "Feature", "properties": { "building_id": 4, "point_id": 262, "floor": 1 }, "geometry": { "type": "Point", "coordinates": [ 372.644370210011232, 223.95848682852025 ] } },
{ "type": "Feature", "properties": { "building_id": 4, "point_id": 263, "floor": 2 }, "geometry": { "type": "Point", "coordinates": [ 378.380963591370516, 215.217972046799105 ] } },
{ "type": "Feature", "properties": { "building_id": 4, "point_id": 264, "floor": 3 }, "geometry": { "type": "Point", "coordinates": [ 354.507284305010899, 217.403486466736581 ] } },
{ "type": "Feature", "properties": { "building_id": 4, "point_id": 265, "floor": 4 }, "geometry": { "type": "Point", "coordinates": [ 351.336315453789211, 214.74778590879157 ] } },
{ "type": "Feature", "properties": { "building_id": 4, "point_id": 266, "floor": 1 }, "geometry": { "type": "Point", "coordinates": [ 352.856310665479327, 215.134230775221056 ] } },
{ "type": "Feature", "properties": { "building_id": 4, "point_id": 267, "floor": 6 }, "geometry": { "type": "Point", "coordinates": [ 350.884498014166638, 217.441895661296428 ] } },
{ "type": "Feature", "properties": { "building_id": 4, "point_id": 268, "floor": 2 }, "geometry": { "type": "Point", "coordinates": [ 358.994000257479229, 220.50302533754072 ] } },
{ "type": "Feature", "properties": { "building_id": 4, "point_id": 269, "floor": 1 }, "geometry": { "type": "Point", "coordinates": [ 379.809621954417537, 215.929755602729273 ] } },
{ "type": "Feature", "properties": { "building_id": 4, "point_id": 270, "floor": 6 }, "geometry": { "type": "Point", "coordinates": [ 366.549651742517653, 217.586016021225362 ] } },
{ "type": "Feature", "properties": { "building_id": 4, "point_id": 271, "floor": 5 }, "geometry": { "type": "Point", "coordinates": [ 370.540948357290517, 215.751658866002458 ] } },
{ "type": "Feature", "properties": { "building_id": 4, "point_id": 272, "floor": 5 }, "geometry": { "type": "Point", "coordinates": [ 354.989829803021451, 221.452138877105654 ] } },
{ "type": "Feature", "properties": { "building_id": 4, "point_id": 273, "floor": 6 }, "geometry": { "type": "Point", "coordinates": [ 350.523104956332986, 222.629100764263768 ] } },
{ "type": "Feature", "properties": { "building_id": 4, "point_id": 274, "floor": 2 }, "geometry": { "type": "Point", "coordinates": [ 369.208157068727814, 218.750714668743313 ] } },
{ "type": "Feature", "properties": { "building_id": 4, "point_id": 275, "floor": 6 }, "geometry": { "type": "Point", "coordinates": [ 353.943583168023508, 222.212026318378236 ] } },
{ "type": "Feature", "properties": { "building_id": 4, "point_id": 276, "floor": 2 }, "geometry": { "type": "Point", "coordinates": [ 372.932748434677933, 223.23102827623805 ] } },
{ "type": "Feature", "properties": { "building_id": 4, "point_id": 277, "floor": 2 }, "geometry": { "type": "Point", "coordinates": [ 349.994334677822792, 221.057592470644636 ] } },
{ "type": "Feature", "properties": { "building_id": 4, "point_id": 278, "floor": 1 }, "geometry": { "type": "Point", "coordinates": [ 353.149088386993697, 224.408355244806103 ] } },
{ "type": "Feature", "properties": { "building_id": 4, "point_id": 279, "floor": 2 }, "geometry": { "type": "Point", "coordinates": [ 353.391062333115656, 215.724116826948972 ] } },
{ "type": "Feature", "properties": { "building_id": 4, "point_id": 280, "floor": 6 }, "geometry": { "type": "Point", "coordinates": [ 375.589291192074484, 216.335028415482185 ] } },
{ "type": "Feature", "properties": { "building_id": 4, "point_id": 281, "floor": 4 }, "geometry": { "type": "Point", "coordinates": [ 369.167961275915275, 220.565335927166501 ] } },
{ "type": "Feature", "properties": { "building_id": 4, "point_id": 282, "floor": 5 }, "geometry": { "type": "Point", "coordinates": [ 361.265610912606121, 215.27828841576104 ] } },
{ "type": "Feature", "properties": { "building_id": 4, "point_id": 283, "floor": 6 }, "geometry": { "type": "Point", "coordinates": [ 379.045207141376238, 217.022340505298587 ] } },
{ "type": "Feature", "properties": { "building_id": 4, "point_id": 284, "floor": 4 }, "geometry": { "type": "Point", "coordinates": [ 362.606905986584991, 219.159947717153244 ] } },
{ "type": "Feature", "properties": { "building_id": 4, "point_id": 285, "floor": 4 }, "geometry": { "type": "Point", "coordinates": [ 349.66258822491028, 218.883132981916475 ] } },
{ "type": "Feature", "properties": { "building_id": 4, "point_id": 286, "floor": 2 }, "geometry": { "type": "Point", "coordinates": [ 353.630522652437833, 215.230256502259579 ] } },
{ "type": "Feature", "properties": { "building_id": 4, "point_id": 287, "floor": 6 }, "geometry": { "type": "Point", "coordinates": [ 380.378225931928455, 216.877253871934244 ] } },
{ "type": "Feature", "properties": { "building_id": 4, "point_id": 288, "floor": 5 }, "geometry": { "type": "Point", "coordinates": [ 360.236819437417466, 220.823795178804772 ] } },
{ "type": "Feature", "properties": { "building_id": 4, "point_id": 289, "floor": 1 }, "geometry": { "type": "Point", "coordinates": [ 362.605483953604448, 217.643794762383635 ] } },
{ "type": "Feature", "properties": { "building_id": 4, "point_id": 290, "floor": 1 }, "geometry": { "type": "Point", "coordinates": [ 374.427971906301991, 219.775503479764922 ] } },
{ "type": "Feature", "properties": { "building_id": 4, "point_id": 291, "floor": 5 }, "geometry": { "type": "Point", "coordinates": [ 355.592845716057752, 221.386171353211211 ] } },
{ "type": "Feature", "properties": { "building_id": 4, "point_id": 292, "floor": 6 }, "geometry": { "type": "Point", "coordinates": [ 350.660941417877098, 220.252519003809283 ] } },
{ "type": "Feature", "properties": { "building_id": 4, "point_id": 293, "floor": 5 }, "geometry": { "type": "Point", "coordinates": [ 349.372306288697587, 216.785199135531002 ] } },
{ "type": "Feature", "properties": { "building_id": 4, "point_id": 294, "floor": 4 }, "geometry": { "type": "Point", "coordinates": [ 354.036673632611041, 216.156669240020108 ] } },
{ "type": "Feature", "properties": { "building_id": 4, "point_id": 295, "floor": 4 }, "geometry": { "type": "Point", "coordinates": [ 369.862680184343276, 215.048148987760499 ] } },
{ "type": "Feature", "properties": { "building_id": 4, "point_id": 296, "floor": 6 }, "geometry": { "type": "Point", "coordinates": [ 357.588413774793025, 216.889646795714299 ] } },
{ "type": "Feature", "properties": { "building_id": 4, "point_id": 297, "floor": 6 }, "geometry": { "type": "Point", "coordinates": [ 357.67676412234465, 218.493751807754563 ] } },
{ "type": "Feature", "properties": { "building_id": 4, "point_id": 298, "floor": 6 }, "geometry": { "type": "Point", "coordinates": [ 366.64487976020132, 217.511156482891664 ] } },
{ "type": "Feature", "properties": { "building_id": 4, "point_id": 299, "floor": 5 }, "geometry": { "type": "Point", "coordinates": [ 358.957308485650401, 220.815052434579798 ] } },
{ "type": "Feature", "properties": { "building_id": 4, "point_id": 300, "floor": 5 }, "geometry": { "type": "Point", "coordinates": [ 352.65030363517883, 220.196182841851538 ] } },
{ "type": "Feature", "properties": { "building_id": 4, "point_id": 301, "floor": 6 }, "geometry": { "type": "Point", "coordinates": [ 379.013584568346232, 217.816185255642438 ] } },
{ "type": "Feature", "properties": { "building_id": 4, "point_id": 302, "floor": 4 }, "geometry": { "type": "Point", "coordinates": [ 350.292633149446431, 222.192958028432173 ] } },
{ "type": "Feature", "properties": { "building_id": 4, "point_id": 303, "floor": 2 }, "geometry": { "type": "Point", "coordinates": [ 362.044391437091917, 215.849762395180392 ] } },
{ "type": "Feature", "properties": { "building_id": 4, "point_id": 304, "floor": 1 }, "geometry": { "type": "Point", "coordinates": [ 374.497394557419682, 219.342200773670555 ] } },
{ "type": "Feature", "properties": { "building_id": 4, "point_id": 305, "floor": 4 }, "geometry": { "type": "Point", "coordinates": [ 374.681708199927471, 223.613004632642458 ] } },
{ "type": "Feature", "properties": { "building_id": 4, "point_id": 306, "floor": 4 }, "geometry": { "type": "Point", "coordinates": [ 355.214831232368056, 215.212264934838487 ] } },
{ "type": "Feature", "properties": { "building_id": 4, "point_id": 307, "floor": 4 }, "geometry": { "type": "Point", "coordinates": [ 357.963954212176986, 221.050996426068934 ] } },
{ "type": "Feature", "properties": { "building_id": 4, "point_id": 308, "floor": 6 }, "geometry": { "type": "Point", "coordinates": [ 349.577432962353612, 219.395737714836685 ] } },
{ "type": "Feature", "properties": { "building_id": 4, "point_id": 309, "floor": 6 }, "geometry": { "type": "Point", "coordinates": [ 349.668165546523426, 215.706635263407321 ] } },
{ "type": "Feature", "properties": { "building_id": 4, "point_id": 310, "floor": 6 }, "geometry": { "type": "Point", "coordinates": [ 358.513784015206511, 216.308905078812813 ] } },
{ "type": "Feature", "properties": { "building_id": 4, "point_id": 311, "floor": 5 }, "geometry": { "type": "Point", "coordinates": [ 356.060662321674442, 221.008262124684677 ] } },
{ "type": "Feature", "properties": { "building_id": 5, "point_id": 0, "floor": 3 }, "geometry": { "type": "Point", "coordinates": [ 171.451951149282877, 129.038310787300475 ] } },
{ "type": "Feature", "properties": { "building_id": 5, "point_id": 1, "floor": 6 }, "geometry": { "type": "Point", "coordinates": [ 198.893918296637196, 141.719319541768073 ] } },
{ "type": "Feature", "properties": { "building_id": 5, "point_id": 2, "floor": 5 }, "geometry": { "type": "Point", "coordinates": [ 206.419585243593389, 146.321949804045573 ] } },
{ "type": "Feature", "properties": { "building_id": 5, "point_id": 3, "floor": 4 }, "geometry": { "type": "Point", "coordinates": [ 209.917984352015765, 154.797740625481453 ] } },
{ "type": "Feature", "properties": { "building_id": 5, "point_id": 4, "floor": 6 }, "geometry": { "type": "Point", "coordinates": [ 194.756870370654639, 151.4453122086897 ] } },
{ "type": "Feature", "properties": { "building_id": 5, "point_id": 5, "floor": 5 }, "geometry": { "type": "Point", "coordinates": [ 198.743476682726424, 129.466569775329503 ] } },
{ "type": "Feature", "properties": { "building_id": 5, "point_id": 6, "floor": 1 }, "geometry": { "type": "Point", "coordinates": [ 158.840162480222205, 124.527159036792312 ] } },
{ "type": "Feature", "properties": { "building_id": 5, "point_id": 7, "floor": 4 }, "geometry": { "type": "Point", "coordinates": [ 184.781828197673974, 128.634434857057983 ] } },
{ "type": "Feature", "properties": { "building_id": 5, "point_id": 8, "floor": 6 }, "geometry": { "type": "Point", "coordinates": [ 174.345522005412334, 139.829951685869958 ] } },
{ "type": "Feature", "properties": { "building_id": 5, "point_id": 9, "floor": 2 }, "geometry": { "type": "Point", "coordinates": [ 188.068046555507863, 141.132442563205586 ] } },
{ "type": "Feature", "properties": { "building_id": 5, "point_id": 10, "floor": 1 }, "geometry": { "type": "Point", "coordinates": [ 187.333642379352852, 139.9159635510469 ] } },
{ "type": "Feature", "properties": { "building_id": 5, "point_id": 11, "floor": 1 }, "geometry": { "type": "Point", "coordinates": [ 186.34474768409757, 138.983658968086445 ] } },
{ "type": "Feature", "properties": { "building_id": 5, "point_id": 12, "floor": 5 }, "geometry": { "type": "Point", "coordinates": [ 172.774692071419992, 132.802688690956018 ] } },
{ "type": "Feature", "properties": { "building_id": 5, "point_id": 13, "floor": 4 }, "geometry": { "type": "Point", "coordinates": [ 209.400184609159936, 149.432865179203048 ] } },
{ "type": "Feature", "properties": { "building_id": 5, "point_id": 14, "floor": 2 }, "geometry": { "type": "Point", "coordinates": [ 187.18798403126425, 140.085616856316619 ] } },
{ "type": "Feature", "properties": { "building_id": 5, "point_id": 15, "floor": 6 }, "geometry": { "type": "Point", "coordinates": [ 207.687536580371045, 142.02097589092179 ] } },
{ "type": "Feature", "properties": { "building_id": 5, "point_id": 16, "floor": 5 }, "geometry": { "type": "Point", "coordinates": [ 175.002505717989493, 125.403157049881841 ] } },
{ "type": "Feature", "properties": { "building_id": 5, "point_id": 17, "floor": 6 }, "geometry": { "type": "Point", "coordinates": [ 204.13401771395894, 153.623356592862876 ] } },
{ "type": "Feature", "properties": { "building_id": 5, "point_id": 18, "floor": 2 }, "geometry": { "type": "Point", "coordinates": [ 207.508219620074698, 134.795223667442713 ] } },
{ "type": "Feature", "properties": { "building_id": 5, "point_id": 19, "floor": 4 }, "geometry": { "type": "Point", "coordinates": [ 207.362270071949808, 148.466554194165298 ] } },
{ "type": "Feature", "properties": { "building_id": 5, "point_id": 20, "floor": 4 }, "geometry": { "type": "Point", "coordinates": [ 181.708390495751473, 130.642159290234986 ] } },
{ "type": "Feature", "properties": { "building_id": 5, "point_id": 21, "floor": 5 }, "geometry": { "type": "Point", "coordinates": [ 202.994703742477185, 141.339852114489958 ] } },
{ "type": "Feature", "properties": { "building_id": 5, "point_id": 22, "floor": 3 }, "geometry": { "type": "Point", "coordinates": [ 206.77213079461643, 131.518046389909188 ] } },
{ "type": "Feature", "properties": { "building_id": 5, "point_id": 23, "floor": 1 }, "geometry": { "type": "Point", "coordinates": [ 210.787455644916946, 157.972530818364277 ] } },
{ "type": "Feature", "properties": { "building_id": 5, "point_id": 24, "floor": 2 }, "geometry": { "type": "Point", "coordinates": [ 203.576229814918236, 146.744339697593318 ] } },
{ "type": "Feature", "properties": { "building_id": 5, "point_id": 25, "floor": 4 }, "geometry": { "type": "Point", "coordinates": [ 173.280078474432088, 127.337480478539504 ] } },
{ "type": "Feature", "properties": { "building_id": 5, "point_id": 26, "floor": 6 }, "geometry": { "type": "Point", "coordinates": [ 193.675981220499182, 140.242695965151029 ] } },
{ "type": "Feature", "properties": { "building_id": 5, "point_id": 27, "floor": 4 }, "geometry": { "type": "Point", "coordinates": [ 175.769091760195948, 145.043776057864562 ] } },
{ "type": "Feature", "properties": { "building_id": 5, "point_id": 28, "floor": 4 }, "geometry": { "type": "Point", "coordinates": [ 210.948661926415241, 157.286141064207897 ] } },
{ "type": "Feature", "properties": { "building_id": 5, "point_id": 29, "floor": 1 }, "geometry": { "type": "Point", "coordinates": [ 192.662478128723194, 149.262814084999548 ] } },
{ "type": "Feature", "properties": { "building_id": 5, "point_id": 30, "floor": 4 }, "geometry": { "type": "Point", "coordinates": [ 184.651400555800876, 124.079175350488597 ] } },
{ "type": "Feature", "properties": { "building_id": 5, "point_id": 31, "floor": 3 }, "geometry": { "type": "Point", "coordinates": [ 185.133604980533562, 128.303720987045352 ] } },
{ "type": "Feature", "properties": { "building_id": 5, "point_id": 32, "floor": 1 }, "geometry": { "type": "Point", "coordinates": [ 180.52052702307256, 149.998455572527291 ] } },
{ "type": "Feature", "properties": { "building_id": 5, "point_id": 33, "floor": 6 }, "geometry": { "type": "Point", "coordinates": [ 189.045934748702166, 149.517878388066464 ] } },
{ "type": "Feature", "properties": { "building_id": 5, "point_id": 34, "floor": 3 }, "geometry": { "type": "Point", "coordinates": [ 203.81279548543327, 134.73170934472148 ] } },
{ "type": "Feature", "properties": { "building_id": 5, "point_id": 35, "floor": 5 }, "geometry": { "type": "Point", "coordinates": [ 196.531132894814107, 129.092519032618867 ] } },
{ "type": "Feature", "properties": { "building_id": 5, "point_id": 36, "floor": 4 }, "geometry": { "type": "Point", "coordinates": [ 181.82810954960928, 130.478368969342057 ] } },
{ "type": "Feature", "properties": { "building_id": 5, "point_id": 37, "floor": 1 }, "geometry": { "type": "Point", "coordinates": [ 194.875302590757798, 144.509144147505168 ] } },
{ "type": "Feature", "properties": { "building_id": 5, "point_id": 38, "floor": 4 }, "geometry": { "type": "Point", "coordinates": [ 172.678502524363836, 124.568272658912761 ] } },
{ "type": "Feature", "properties": { "building_id": 5, "point_id": 39, "floor": 5 }, "geometry": { "type": "Point", "coordinates": [ 177.14321094834213, 142.513365797679342 ] } },
{ "type": "Feature", "properties": { "building_id": 5, "point_id": 40, "floor": 4 }, "geometry": { "type": "Point", "coordinates": [ 201.957232488934466, 141.105855677160434 ] } },
{ "type": "Feature", "properties": { "building_id": 5, "point_id": 41, "floor": 4 }, "geometry": { "type": "Point", "coordinates": [ 189.927995246821467, 139.109656911141286 ] } },
{ "type": "Feature", "properties": { "building_id": 5, "point_id": 42, "floor": 6 }, "geometry": { "type": "Point", "coordinates": [ 173.76579744088923, 126.978772714468519 ] } },
{ "type": "Feature", "properties": { "building_id": 5, "point_id": 43, "floor": 2 }, "geometry": { "type": "Point", "coordinates": [ 175.772549688583865, 125.143066350552701 ] } },
{ "type": "Feature", "properties": { "building_id": 5, "point_id": 44, "floor": 2 }, "geometry": { "type": "Point", "coordinates": [ 182.613573137407116, 140.420631504051528 ] } },
{ "type": "Feature", "properties": { "building_id": 5, "point_id": 45, "floor": 4 }, "geometry": { "type": "Point", "coordinates": [ 169.991837089759258, 141.319594707334772 ] } },
{ "type": "Feature", "properties": { "building_id": 5, "point_id": 46, "floor": 5 }, "geometry": { "type": "Point", "coordinates": [ 198.306188959313943, 129.336291327508746 ] } },
{ "type": "Feature", "properties": { "building_id": 5, "point_id": 47, "floor": 5 }, "geometry": { "type": "Point", "coordinates": [ 186.753791852225959, 135.821146220806838 ] } },
{ "type": "Feature", "properties": { "building_id": 5, "point_id": 48, "floor": 6 }, "geometry": { "type": "Point", "coordinates": [ 204.128633866214841, 152.133461904648527 ] } },
{ "type": "Feature", "properties": { "building_id": 5, "point_id": 49, "floor": 2 }, "geometry": { "type": "Point", "coordinates": [ 194.870291390274673, 143.77147412333116 ] } },
{ "type": "Feature", "properties": { "building_id": 5, "point_id": 50, "floor": 3 }, "geometry": { "type": "Point", "coordinates": [ 179.454848572962362, 150.346938190553999 ] } },
{ "type": "Feature", "properties": { "building_id": 5, "point_id": 51, "floor": 5 }, "geometry": { "type": "Point", "coordinates": [ 199.411275054492933, 152.036981587492562 ] } },
{ "type": "Feature", "properties": { "building_id": 5, "point_id": 52, "floor": 6 }, "geometry": { "type": "Point", "coordinates": [ 208.582384421164932, 146.250927481262522 ] } },
{ "type": "Feature", "properties": { "building_id": 5, "point_id": 53, "floor": 3 }, "geometry": { "type": "Point", "coordinates": [ 187.040959729542521, 138.307654871015529 ] } },
{ "type": "Feature", "properties": { "building_id": 5, "point_id": 54, "floor": 1 }, "geometry": { "type": "Point", "coordinates": [ 175.096953277425683, 131.981205457993042 ] } },
{ "type": "Feature", "properties": { "building_id": 5, "point_id": 55, "floor": 4 }, "geometry": { "type": "Point", "coordinates": [ 188.264443729270567, 143.081454780700852 ] } },
{ "type": "Feature", "properties": { "building_id": 5, "point_id": 56, "floor": 4 }, "geometry": { "type": "Point", "coordinates": [ 182.111346372527805, 152.094840080080218 ] } },
{ "type": "Feature", "properties": { "building_id": 5, "point_id": 57, "floor": 1 }, "geometry": { "type": "Point", "coordinates": [ 191.159463428136377, 138.773056430480977 ] } },
{ "type": "Feature", "properties": { "building_id": 5, "point_id": 58, "floor": 5 }, "geometry": { "type": "Point", "coordinates": [ 181.912268171324087, 148.76616862131047 ] } },
{ "type": "Feature", "properties": { "building_id": 5, "point_id": 59, "floor": 3 }, "geometry": { "type": "Point", "coordinates": [ 190.83146230006912, 126.328315878921856 ] } },
{ "type": "Feature", "properties": { "building_id": 5, "point_id": 60, "floor": 5 }, "geometry": { "type": "Point", "coordinates": [ 167.838784094466547, 125.730751274981614 ] } },
{ "type": "Feature", "properties": { "building_id": 5, "point_id": 61, "floor": 2 }, "geometry": { "type": "Point", "coordinates": [ 185.449594416078384, 144.552134530472358 ] } },
{ "type": "Feature", "properties": { "building_id": 5, "point_id": 62, "floor": 2 }, "geometry": { "type": "Point", "coordinates": [ 209.047889013963072, 156.533483830740579 ] } },
{ "type": "Feature", "properties": { "building_id": 5, "point_id": 63, "floor": 2 }, "geometry": { "type": "Point", "coordinates": [ 198.726777657156731, 149.143846050490453 ] } },
{ "type": "Feature", "properties": { "building_id": 5, "point_id": 64, "floor": 3 }, "geometry": { "type": "Point", "coordinates": [ 195.840544737079568, 151.810944259505987 ] } },
{ "type": "Feature", "properties": { "building_id": 5, "point_id": 65, "floor": 2 }, "geometry": { "type": "Point", "coordinates": [ 182.349189094115843, 158.170256768484421 ] } },
{ "type": "Feature", "properties": { "building_id": 5, "point_id": 66, "floor": 1 }, "geometry": { "type": "Point", "coordinates": [ 162.899902621860065, 125.249132102694205 ] } },
{ "type": "Feature", "properties": { "building_id": 5, "point_id": 67, "floor": 6 }, "geometry": { "type": "Point", "coordinates": [ 191.25744500429883, 142.895999372288799 ] } },
{ "type": "Feature", "properties": { "building_id": 5, "point_id": 68, "floor": 4 }, "geometry": { "type": "Point", "coordinates": [ 184.202259993372536, 155.176860472200133 ] } },
{ "type": "Feature", "properties": { "building_id": 5, "point_id": 69, "floor": 1 }, "geometry": { "type": "Point", "coordinates": [ 188.733751734291673, 145.482967041068406 ] } },
{ "type": "Feature", "properties": { "building_id": 5, "point_id": 70, "floor": 6 }, "geometry": { "type": "Point", "coordinates": [ 182.697104880202886, 157.29508343603419 ] } },
{ "type": "Feature", "properties": { "building_id": 5, "point_id": 71, "floor": 3 }, "geometry": { "type": "Point", "coordinates": [ 178.213683644802217, 126.210888188603178 ] } },
{ "type": "Feature", "properties": { "building_id": 5, "point_id": 72, "floor": 3 }, "geometry": { "type": "Point", "coordinates": [ 169.979042485693753, 129.439919599807524 ] } },
{ "type": "Feature", "properties": { "building_id": 5, "point_id": 73, "floor": 4 }, "geometry": { "type": "Point", "coordinates": [ 175.122073635983867, 130.196362711976377 ] } },
{ "type": "Feature", "properties": { "building_id": 5, "point_id": 74, "floor": 6 }, "geometry": { "type": "Point", "coordinates": [ 201.689002513031824, 128.135852569568897 ] } },
{ "type": "Feature", "properties": { "building_id": 5, "point_id": 75, "floor": 1 }, "geometry": { "type": "Point", "coordinates": [ 179.959402538109316, 144.701463758995402 ] } },
{ "type": "Feature", "properties": { "building_id": 5, "point_id": 76, "floor": 6 }, "geometry": { "type": "Point", "coordinates": [ 191.10733270831264, 125.284622988202699 ] } },
{ "type": "Feature", "properties": { "building_id": 5, "point_id": 77, "floor": 4 }, "geometry": { "type": "Point", "coordinates": [ 193.621349807258753, 158.08401923290532 ] } },
{ "type": "Feature", "properties": { "building_id": 5, "point_id": 78, "floor": 6 }, "geometry": { "type": "Point", "coordinates": [ 181.708272352216511, 147.232792070431202 ] } },
{ "type": "Feature", "properties": { "building_id": 5, "point_id": 79, "floor": 2 }, "geometry": { "type": "Point", "coordinates": [ 177.928539693776827, 151.333610818331579 ] } },
{ "type": "Feature", "properties": { "building_id": 5, "point_id": 80, "floor": 1 }, "geometry": { "type": "Point", "coordinates": [ 190.865871769620242, 126.875001443287616 ] } },
{ "type": "Feature", "properties": { "building_id": 5, "point_id": 81, "floor": 4 }, "geometry": { "type": "Point", "coordinates": [ 196.50353062186224, 142.20848532360074 ] } },
{ "type": "Feature", "properties": { "building_id": 5, "point_id": 82, "floor": 3 }, "geometry": { "type": "Point", "coordinates": [ 179.792570681698862, 135.423629569144708 ] } },
{ "type": "Feature", "properties": { "building_id": 5, "point_id": 83, "floor": 5 }, "geometry": { "type": "Point", "coordinates": [ 184.133802673215655, 134.341528651819033 ] } },
{ "type": "Feature", "properties": { "building_id": 5, "point_id": 84, "floor": 3 }, "geometry": { "type": "Point", "coordinates": [ 201.083771918845542, 127.308081755296641 ] } },
{ "type": "Feature", "properties": { "building_id": 5, "point_id": 85, "floor": 3 }, "geometry": { "type": "Point", "coordinates": [ 209.033438768237602, 142.215102862090731 ] } },
{ "type": "Feature", "properties": { "building_id": 5, "point_id": 86, "floor": 6 }, "geometry": { "type": "Point", "coordinates": [ 179.454619785888923, 136.625722475877808 ] } },
{ "type": "Feature", "properties": { "building_id": 5, "point_id": 87, "floor": 4 }, "geometry": { "type": "Point", "coordinates": [ 203.116336200579781, 136.756862755524281 ] } },
{ "type": "Feature", "properties": { "building_id": 5, "point_id": 88, "floor": 3 }, "geometry": { "type": "Point", "coordinates": [ 180.966089844465472, 132.490437295516557 ] } },
{ "type": "Feature", "properties": { "building_id": 5, "point_id": 89, "floor": 3 }, "geometry": { "type": "Point", "coordinates": [ 188.09446201184187, 133.651634281904535 ] } },
{ "type": "Feature", "properties": { "building_id": 5, "point_id": 90, "floor": 1 }, "geometry": { "type": "Point", "coordinates": [ 173.865119359129778, 135.436753360287923 ] } },
{ "type": "Feature", "properties": { "building_id": 5, "point_id": 91, "floor": 6 }, "geometry": { "type": "Point", "coordinates": [ 182.058757132424972, 137.575657723395807 ] } },
{ "type": "Feature", "properties": { "building_id": 5, "point_id": 92, "floor": 6 }, "geometry": { "type": "Point", "coordinates": [ 205.745849731372573, 128.416181582714472 ] } },
{ "type": "Feature", "properties": { "building_id": 5, "point_id": 93, "floor": 1 }, "geometry": { "type": "Point", "coordinates": [ 171.835889861920094, 137.742542150733811 ] } },
{ "type": "Feature", "properties": { "building_id": 5, "point_id": 94, "floor": 1 }, "geometry": { "type": "Point", "coordinates": [ 175.303884134828763, 148.021111755471537 ] } },
{ "type": "Feature", "properties": { "building_id": 5, "point_id": 95, "floor": 1 }, "geometry": { "type": "Point", "coordinates": [ 170.406414499070792, 127.950270655109676 ] } },
{ "type": "Feature", "properties": { "building_id": 5, "point_id": 96, "floor": 3 }, "geometry": { "type": "Point", "coordinates": [ 185.275916566611414, 140.20936175517329 ] } },
{ "type": "Feature", "properties": { "building_id": 5, "point_id": 97, "floor": 5 }, "geometry": { "type": "Point", "coordinates": [ 202.063282258716811, 151.170776463219227 ] } },
{ "type": "Feature", "properties": { "building_id": 5, "point_id": 98, "floor": 3 }, "geometry": { "type": "Point", "coordinates": [ 166.961851263823661, 128.570947509794991 ] } },
{ "type": "Feature", "properties": { "building_id": 5, "point_id": 99, "floor": 1 }, "geometry": { "type": "Point", "coordinates": [ 187.686185758216936, 129.213352297558998 ] } },
{ "type": "Feature", "properties": { "building_id": 5, "point_id": 100, "floor": 5 }, "geometry": { "type": "Point", "coordinates": [ 175.382132757480235, 124.427607570468055 ] } },
{ "type": "Feature", "properties": { "building_id": 5, "point_id": 101, "floor": 4 }, "geometry": { "type": "Point", "coordinates": [ 182.906443804808958, 153.45646310000933 ] } },
{ "type": "Feature", "properties": { "building_id": 5, "point_id": 102, "floor": 6 }, "geometry": { "type": "Point", "coordinates": [ 193.538176556519602, 145.939585669316841 ] } },
{ "type": "Feature", "properties": { "building_id": 5, "point_id": 103, "floor": 1 }, "geometry": { "type": "Point", "coordinates": [ 192.760605658097859, 157.17182723492914 ] } },
{ "type": "Feature", "properties": { "building_id": 5, "point_id": 104, "floor": 6 }, "geometry": { "type": "Point", "coordinates": [ 180.760414802033836, 125.115422783015589 ] } },
{ "type": "Feature", "properties": { "building_id": 5, "point_id": 105, "floor": 3 }, "geometry": { "type": "Point", "coordinates": [ 182.578966246754902, 132.357492108462338 ] } },
{ "type": "Feature", "properties": { "building_id": 5, "point_id": 106, "floor": 1 }, "geometry": { "type": "Point", "coordinates": [ 209.170903043756539, 152.782397015473236 ] } },
{ "type": "Feature", "properties": { "building_id": 5, "point_id": 107, "floor": 5 }, "geometry": { "type": "Point", "coordinates": [ 177.506855284971948, 136.752324895737871 ] } },
{ "type": "Feature", "properties": { "building_id": 5, "point_id": 108, "floor": 5 }, "geometry": { "type": "Point", "coordinates": [ 179.014629176594042, 150.384224234434498 ] } },
{ "type": "Feature", "properties": { "building_id": 5, "point_id": 109, "floor": 2 }, "geometry": { "type": "Point", "coordinates": [ 191.905967829435383, 139.97411221798663 ] } },
{ "type": "Feature", "properties": { "building_id": 5, "point_id": 110, "floor": 5 }, "geometry": { "type": "Point", "coordinates": [ 175.963972443634532, 132.143174460638448 ] } },
{ "type": "Feature", "properties": { "building_id": 5, "point_id": 111, "floor": 3 }, "geometry": { "type": "Point", "coordinates": [ 202.430603794571198, 148.916348334145283 ] } },
{ "type": "Feature", "properties": { "building_id": 5, "point_id": 112, "floor": 5 }, "geometry": { "type": "Point", "coordinates": [ 174.206173498844748, 125.499776018730188 ] } },
{ "type": "Feature", "properties": { "building_id": 5, "point_id": 113, "floor": 1 }, "geometry": { "type": "Point", "coordinates": [ 202.488719399143918, 127.400288139984724 ] } },
{ "type": "Feature", "properties": { "building_id": 5, "point_id": 114, "floor": 4 }, "geometry": { "type": "Point", "coordinates": [ 175.452073710652513, 148.138526008184101 ] } },
{ "type": "Feature", "properties": { "building_id": 5, "point_id": 115, "floor": 6 }, "geometry": { "type": "Point", "coordinates": [ 173.101442954922419, 133.161688043490813 ] } },
{ "type": "Feature", "properties": { "building_id": 5, "point_id": 116, "floor": 4 }, "geometry": { "type": "Point", "coordinates": [ 197.567888589816505, 134.877967945186555 ] } },
{ "type": "Feature", "properties": { "building_id": 5, "point_id": 117, "floor": 4 }, "geometry": { "type": "Point", "coordinates": [ 175.885407768894737, 131.79376092050714 ] } },
{ "type": "Feature", "properties": { "building_id": 5, "point_id": 118, "floor": 6 }, "geometry": { "type": "Point", "coordinates": [ 181.667458022666352, 138.600559431395396 ] } },
{ "type": "Feature", "properties": { "building_id": 5, "point_id": 119, "floor": 5 }, "geometry": { "type": "Point", "coordinates": [ 181.207993785358497, 124.521335461914163 ] } },
{ "type": "Feature", "properties": { "building_id": 5, "point_id": 120, "floor": 6 }, "geometry": { "type": "Point", "coordinates": [ 174.782418562771454, 125.426452447852114 ] } },
{ "type": "Feature", "properties": { "building_id": 5, "point_id": 121, "floor": 3 }, "geometry": { "type": "Point", "coordinates": [ 180.461032156962688, 142.057895418742959 ] } },
{ "type": "Feature", "properties": { "building_id": 5, "point_id": 122, "floor": 1 }, "geometry": { "type": "Point", "coordinates": [ 193.825850804986089, 133.545619244729409 ] } },
{ "type": "Feature", "properties": { "building_id": 5, "point_id": 123, "floor": 1 }, "geometry": { "type": "Point", "coordinates": [ 199.419003924899812, 137.222802089260199 ] } },
{ "type": "Feature", "properties": { "building_id": 5, "point_id": 124, "floor": 5 }, "geometry": { "type": "Point", "coordinates": [ 198.368753040052525, 151.430537479867638 ] } },
{ "type": "Feature", "properties": { "building_id": 5, "point_id": 125, "floor": 6 }, "geometry": { "type": "Point", "coordinates": [ 187.791712392411682, 155.150951746730954 ] } },
{ "type": "Feature", "properties": { "building_id": 5, "point_id": 126, "floor": 4 }, "geometry": { "type": "Point", "coordinates": [ 201.922715059755092, 127.656850272411859 ] } },
{ "type": "Feature", "properties": { "building_id": 5, "point_id": 127, "floor": 3 }, "geometry": { "type": "Point", "coordinates": [ 176.594224428043219, 137.155910152404147 ] } },
{ "type": "Feature", "properties": { "building_id": 5, "point_id": 128, "floor": 1 }, "geometry": { "type": "Point", "coordinates": [ 204.70539269577381, 146.581597604428282 ] } },
{ "type": "Feature", "properties": { "building_id": 5, "point_id": 129, "floor": 5 }, "geometry": { "type": "Point", "coordinates": [ 182.937546640770478, 135.59508999453297 ] } },
{ "type": "Feature", "properties": { "building_id": 5, "point_id": 130, "floor": 4 }, "geometry": { "type": "Point", "coordinates": [ 205.646253582940034, 157.47390336814297 ] } },
{ "type": "Feature", "properties": { "building_id": 5, "point_id": 131, "floor": 4 }, "geometry": { "type": "Point", "coordinates": [ 191.254289769614047, 130.849742507149415 ] } },
{ "type": "Feature", "properties": { "building_id": 5, "point_id": 132, "floor": 1 }, "geometry": { "type": "Point", "coordinates": [ 201.242553839768931, 135.732444555663335 ] } },
{ "type": "Feature", "properties": { "building_id": 5, "point_id": 133, "floor": 4 }, "geometry": { "type": "Point", "coordinates": [ 192.195919942355204, 125.916613201975125 ] } },
{ "type": "Feature", "properties": { "building_id": 5, "point_id": 134, "floor": 4 }, "geometry": { "type": "Point", "coordinates": [ 178.121761775296363, 134.551149914417067 ] } },
{ "type": "Feature", "properties": { "building_id": 5, "point_id": 135, "floor": 2 }, "geometry": { "type": "Point", "coordinates": [ 181.615141333409355, 153.040734247701408 ] } },
{ "type": "Feature", "properties": { "building_id": 5, "point_id": 136, "floor": 1 }, "geometry": { "type": "Point", "coordinates": [ 193.925345829271777, 129.056193191064324 ] } },
{ "type": "Feature", "properties": { "building_id": 5, "point_id": 137, "floor": 2 }, "geometry": { "type": "Point", "coordinates": [ 188.664884129560363, 131.634080631657667 ] } },
{ "type": "Feature", "properties": { "building_id": 5, "point_id": 138, "floor": 5 }, "geometry": { "type": "Point", "coordinates": [ 188.822870755813199, 143.315416847328493 ] } },
{ "type": "Feature", "properties": { "building_id": 5, "point_id": 139, "floor": 3 }, "geometry": { "type": "Point", "coordinates": [ 170.624565674824993, 131.509252172778133 ] } },
{ "type": "Feature", "properties": { "building_id": 5, "point_id": 140, "floor": 6 }, "geometry": { "type": "Point", "coordinates": [ 180.045267777435384, 142.384207640932317 ] } },
{ "type": "Feature", "properties": { "building_id": 5, "point_id": 141, "floor": 2 }, "geometry": { "type": "Point", "coordinates": [ 181.505339216400301, 140.67210391574153 ] } },
{ "type": "Feature", "properties": { "building_id": 5, "point_id": 142, "floor": 1 }, "geometry": { "type": "Point", "coordinates": [ 177.528947494508998, 134.768416762554068 ] } },
{ "type": "Feature", "properties": { "building_id": 5, "point_id": 143, "floor": 2 }, "geometry": { "type": "Point", "coordinates": [ 166.507557622463906, 128.102933996481767 ] } },
{ "type": "Feature", "properties": { "building_id": 5, "point_id": 144, "floor": 5 }, "geometry": { "type": "Point", "coordinates": [ 171.08634140698166, 140.908174862206664 ] } },
{ "type": "Feature", "properties": { "building_id": 5, "point_id": 145, "floor": 6 }, "geometry": { "type": "Point", "coordinates": [ 187.440658697864762, 152.875250095787777 ] } },
{ "type": "Feature", "properties": { "building_id": 5, "point_id": 146, "floor": 1 }, "geometry": { "type": "Point", "coordinates": [ 195.950735389100203, 157.109950855508515 ] } },
{ "type": "Feature", "properties": { "building_id": 5, "point_id": 147, "floor": 5 }, "geometry": { "type": "Point", "coordinates": [ 182.780394256137868, 147.456183749022244 ] } },
{ "type": "Feature", "properties": { "building_id": 5, "point_id": 148, "floor": 5 }, "geometry": { "type": "Point", "coordinates": [ 198.711167657051675, 144.485996306218965 ] } },
{ "type": "Feature", "properties": { "building_id": 5, "point_id": 149, "floor": 3 }, "geometry": { "type": "Point", "coordinates": [ 194.771507559468176, 157.48141160091231 ] } },
{ "type": "Feature", "properties": { "building_id": 5, "point_id": 150, "floor": 3 }, "geometry": { "type": "Point", "coordinates": [ 193.124474285612223, 143.806469147266 ] } },
{ "type": "Feature", "properties": { "building_id": 5, "point_id": 151, "floor": 4 }, "geometry": { "type": "Point", "coordinates": [ 197.189556449618749, 143.535286409100735 ] } },
{ "type": "Feature", "properties": { "building_id": 5, "point_id": 152, "floor": 5 }, "geometry": { "type": "Point", "coordinates": [ 172.811143680147921, 131.274077806794025 ] } },
{ "type": "Feature", "properties": { "building_id": 5, "point_id": 153, "floor": 1 }, "geometry": { "type": "Point", "coordinates": [ 205.483200308934215, 134.400318432105735 ] } },
{ "type": "Feature", "properties": { "building_id": 5, "point_id": 154, "floor": 4 }, "geometry": { "type": "Point", "coordinates": [ 171.358919229355536, 139.452384742438397 ] } },
{ "type": "Feature", "properties": { "building_id": 5, "point_id": 155, "floor": 4 }, "geometry": { "type": "Point", "coordinates": [ 175.204893025001894, 140.743150506671498 ] } },
{ "type": "Feature", "properties": { "building_id": 5, "point_id": 156, "floor": 1 }, "geometry": { "type": "Point", "coordinates": [ 197.613869629273921, 137.471381918146818 ] } },
{ "type": "Feature", "properties": { "building_id": 5, "point_id": 157, "floor": 1 }, "geometry": { "type": "Point", "coordinates": [ 204.506019828736271, 129.229706334795765 ] } },
{ "type": "Feature", "properties": { "building_id": 5, "point_id": 158, "floor": 5 }, "geometry": { "type": "Point", "coordinates": [ 204.089384995269057, 136.221453590371198 ] } },
{ "type": "Feature", "properties": { "building_id": 5, "point_id": 159, "floor": 6 }, "geometry": { "type": "Point", "coordinates": [ 211.836479640121439, 157.679508376603707 ] } },
{ "type": "Feature", "properties": { "building_id": 5, "point_id": 160, "floor": 2 }, "geometry": { "type": "Point", "coordinates": [ 203.401349990629569, 150.610201991787505 ] } },
{ "type": "Feature", "properties": { "building_id": 5, "point_id": 161, "floor": 1 }, "geometry": { "type": "Point", "coordinates": [ 206.653460140101515, 141.480012207788576 ] } },
{ "type": "Feature", "properties": { "building_id": 5, "point_id": 162, "floor": 1 }, "geometry": { "type": "Point", "coordinates": [ 175.719296888417347, 142.93349807048449 ] } },
{ "type": "Feature", "properties": { "building_id": 5, "point_id": 163, "floor": 4 }, "geometry": { "type": "Point", "coordinates": [ 200.494874400296851, 132.730737723259978 ] } },
{ "type": "Feature", "properties": { "building_id": 5, "point_id": 164, "floor": 4 }, "geometry": { "type": "Point", "coordinates": [ 190.455536799456127, 156.946081997783381 ] } },
{ "type": "Feature", "properties": { "building_id": 5, "point_id": 165, "floor": 6 }, "geometry": { "type": "Point", "coordinates": [ 182.553153842504372, 129.64005701996777 ] } },
{ "type": "Feature", "properties": { "building_id": 5, "point_id": 166, "floor": 6 }, "geometry": { "type": "Point", "coordinates": [ 201.700015594810623, 156.300862749202622 ] } },
{ "type": "Feature", "properties": { "building_id": 5, "point_id": 167, "floor": 6 }, "geometry": { "type": "Point", "coordinates": [ 208.219319463819829, 153.060384556868229 ] } },
{ "type": "Feature", "properties": { "building_id": 5, "point_id": 168, "floor": 5 }, "geometry": { "type": "Point", "coordinates": [ 194.276740363347983, 151.638961623657508 ] } },
{ "type": "Feature", "properties": { "building_id": 5, "point_id": 169, "floor": 2 }, "geometry": { "type": "Point", "coordinates": [ 184.259629796916073, 140.464598198687042 ] } },
{ "type": "Feature", "properties": { "building_id": 5, "point_id": 170, "floor": 6 }, "geometry": { "type": "Point", "coordinates": [ 201.241807907057762, 141.73992863994232 ] } },
{ "type": "Feature", "properties": { "building_id": 5, "point_id": 171, "floor": 4 }, "geometry": { "type": "Point", "coordinates": [ 180.44362336256944, 151.977856579352334 ] } },
{ "type": "Feature", "properties": { "building_id": 5, "point_id": 172, "floor": 5 }, "geometry": { "type": "Point", "coordinates": [ 188.914558795452564, 132.1056802506601 ] } },
{ "type": "Feature", "properties": { "building_id": 5, "point_id": 173, "floor": 5 }, "geometry": { "type": "Point", "coordinates": [ 186.758092594363518, 155.069095042894844 ] } },
{ "type": "Feature", "properties": { "building_id": 5, "point_id": 174, "floor": 5 }, "geometry": { "type": "Point", "coordinates": [ 186.68751573988547, 145.908429902358222 ] } },
{ "type": "Feature", "properties": { "building_id": 5, "point_id": 175, "floor": 4 }, "geometry": { "type": "Point", "coordinates": [ 203.019729795096026, 134.478437077395029 ] } },
{ "type": "Feature", "properties": { "building_id": 5, "point_id": 176, "floor": 6 }, "geometry": { "type": "Point", "coordinates": [ 184.308939837680185, 153.730538298969122 ] } },
{ "type": "Feature", "properties": { "building_id": 5, "point_id": 177, "floor": 1 }, "geometry": { "type": "Point", "coordinates": [ 204.267439250651762, 148.033089705378444 ] } },
{ "type": "Feature", "properties": { "building_id": 5, "point_id": 178, "floor": 3 }, "geometry": { "type": "Point", "coordinates": [ 200.240956124162608, 157.382078948809067 ] } },
{ "type": "Feature", "properties": { "building_id": 5, "point_id": 179, "floor": 1 }, "geometry": { "type": "Point", "coordinates": [ 180.138565946733479, 138.331226304716949 ] } },
{ "type": "Feature", "properties": { "building_id": 5, "point_id": 180, "floor": 5 }, "geometry": { "type": "Point", "coordinates": [ 206.791560288730807, 138.925708667143198 ] } },
{ "type": "Feature", "properties": { "building_id": 5, "point_id": 181, "floor": 2 }, "geometry": { "type": "Point", "coordinates": [ 176.161375461642848, 136.818653996623766 ] } },
{ "type": "Feature", "properties": { "building_id": 5, "point_id": 182, "floor": 4 }, "geometry": { "type": "Point", "coordinates": [ 170.24202799206742, 131.535165821943821 ] } },
{ "type": "Feature", "properties": { "building_id": 5, "point_id": 183, "floor": 2 }, "geometry": { "type": "Point", "coordinates": [ 203.870913991436282, 144.789596949659085 ] } },
{ "type": "Feature", "properties": { "building_id": 5, "point_id": 184, "floor": 6 }, "geometry": { "type": "Point", "coordinates": [ 175.656079852392963, 136.476715762002215 ] } },
{ "type": "Feature", "properties": { "building_id": 5, "point_id": 185, "floor": 6 }, "geometry": { "type": "Point", "coordinates": [ 191.121433565914572, 128.36034735718988 ] } },
{ "type": "Feature", "properties": { "building_id": 5, "point_id": 186, "floor": 3 }, "geometry": { "type": "Point", "coordinates": [ 204.173998116710777, 143.181647324118615 ] } },
{ "type": "Feature", "properties": { "building_id": 5, "point_id": 187, "floor": 3 }, "geometry": { "type": "Point", "coordinates": [ 199.000133398569432, 149.199252619372515 ] } },
{ "type": "Feature", "properties": { "building_id": 5, "point_id": 188, "floor": 2 }, "geometry": { "type": "Point", "coordinates": [ 204.380577267753893, 144.972834714065613 ] } },
{ "type": "Feature", "properties": { "building_id": 5, "point_id": 189, "floor": 5 }, "geometry": { "type": "Point", "coordinates": [ 203.158862497353084, 129.512792008644851 ] } },
{ "type": "Feature", "properties": { "building_id": 5, "point_id": 190, "floor": 1 }, "geometry": { "type": "Point", "coordinates": [ 203.831639947354347, 142.253011302420106 ] } },
{ "type": "Feature", "properties": { "building_id": 5, "point_id": 191, "floor": 5 }, "geometry": { "type": "Point", "coordinates": [ 203.929632787906314, 145.538316231199843 ] } },
{ "type": "Feature", "properties": { "building_id": 5, "point_id": 192, "floor": 4 }, "geometry": { "type": "Point", "coordinates": [ 208.543473361435275, 153.709558859411942 ] } },
{ "type": "Feature", "properties": { "building_id": 5, "point_id": 193, "floor": 4 }, "geometry": { "type": "Point", "coordinates": [ 198.066151486731997, 125.544723866283277 ] } },
{ "type": "Feature", "properties": { "building_id": 5, "point_id": 194, "floor": 1 }, "geometry": { "type": "Point", "coordinates": [ 189.570371714362921, 134.211365293975689 ] } },
{ "type": "Feature", "properties": { "building_id": 5, "point_id": 195, "floor": 4 }, "geometry": { "type": "Point", "coordinates": [ 187.732981213943219, 149.220783088965788 ] } },
{ "type": "Feature", "properties": { "building_id": 5, "point_id": 196, "floor": 4 }, "geometry": { "type": "Point", "coordinates": [ 182.704570785216617, 139.546800324151945 ] } },
{ "type": "Feature", "properties": { "building_id": 5, "point_id": 197, "floor": 1 }, "geometry": { "type": "Point", "coordinates": [ 191.384725038288167, 148.126840038203341 ] } },
{ "type": "Feature", "properties": { "building_id": 5, "point_id": 198, "floor": 2 }, "geometry": { "type": "Point", "coordinates": [ 180.285887088746392, 137.237519101754287 ] } },
{ "type": "Feature", "properties": { "building_id": 5, "point_id": 199, "floor": 2 }, "geometry": { "type": "Point", "coordinates": [ 204.4129149326277, 124.606864408980996 ] } },
{ "type": "Feature", "properties": { "building_id": 5, "point_id": 200, "floor": 1 }, "geometry": { "type": "Point", "coordinates": [ 181.13961507020673, 126.919619414885801 ] } },
{ "type": "Feature", "properties": { "building_id": 5, "point_id": 201, "floor": 5 }, "geometry": { "type": "Point", "coordinates": [ 178.452835500948567, 145.024548254209492 ] } },
{ "type": "Feature", "properties": { "building_id": 5, "point_id": 202, "floor": 6 }, "geometry": { "type": "Point", "coordinates": [ 204.034471760066708, 150.271611590548588 ] } },
{ "type": "Feature", "properties": { "building_id": 5, "point_id": 203, "floor": 2 }, "geometry": { "type": "Point", "coordinates": [ 198.370746573102963, 147.247611974795461 ] } },
{ "type": "Feature", "properties": { "building_id": 5, "point_id": 204, "floor": 4 }, "geometry": { "type": "Point", "coordinates": [ 162.322284225727486, 128.777634422245711 ] } },
{ "type": "Feature", "properties": { "building_id": 5, "point_id": 205, "floor": 6 }, "geometry": { "type": "Point", "coordinates": [ 168.982770502179449, 127.908973669227393 ] } },
{ "type": "Feature", "properties": { "building_id": 5, "point_id": 206, "floor": 2 }, "geometry": { "type": "Point", "coordinates": [ 161.239693907700939, 126.581848819388355 ] } },
{ "type": "Feature", "properties": { "building_id": 5, "point_id": 207, "floor": 3 }, "geometry": { "type": "Point", "coordinates": [ 200.180557045786799, 143.27455287632921 ] } },
{ "type": "Feature", "properties": { "building_id": 5, "point_id": 208, "floor": 4 }, "geometry": { "type": "Point", "coordinates": [ 164.059775112054837, 130.031758125942417 ] } },
{ "type": "Feature", "properties": { "building_id": 5, "point_id": 209, "floor": 1 }, "geometry": { "type": "Point", "coordinates": [ 202.075532156435571, 133.865288555694718 ] } },
{ "type": "Feature", "properties": { "building_id": 5, "point_id": 210, "floor": 4 }, "geometry": { "type": "Point", "coordinates": [ 189.514445684710978, 126.530823034593439 ] } },
{ "type": "Feature", "properties": { "building_id": 5, "point_id": 211, "floor": 1 }, "geometry": { "type": "Point", "coordinates": [ 196.60768755360084, 148.490455750280688 ] } },
{ "type": "Feature", "properties": { "building_id": 5, "point_id": 212, "floor": 4 }, "geometry": { "type": "Point", "coordinates": [ 189.824245812361681, 147.668638885735817 ] } },
{ "type": "Feature", "properties": { "building_id": 5, "point_id": 213, "floor": 4 }, "geometry": { "type": "Point", "coordinates": [ 199.923324134410848, 153.391917305808391 ] } },
{ "type": "Feature", "properties": { "building_id": 5, "point_id": 214, "floor": 3 }, "geometry": { "type": "Point", "coordinates": [ 195.761515457238602, 143.684876963793499 ] } },
{ "type": "Feature", "properties": { "building_id": 5, "point_id": 215, "floor": 4 }, "geometry": { "type": "Point", "coordinates": [ 202.433936104610723, 145.364318730773078 ] } }
]
}
